fecha,org,grupo_detalle,departamento,municipio,fuerza,bajas,capturas,sometimientos,desmovilizaciones,sin_desglose,total_neutralizados,reportado_oficialmente,incluido_en_conteo,estado_verificacion,aliases,fuentes
2026-09-22,OTRO_GAO,ACSN,,,EJERCITO|POLICIA,0,3,0,0,0,3,False,True,reportado,,https://www.minuto30.com/se-les-cayo-el-segundo-al-mando-alias-cholo-fue-abatido-durante-operativo-contra-las-acsn/1719820/
2026-09-22,OTRO_GAO,,,,EJERCITO|POLICIA,0,0,0,0,0,0,False,True,reportado,,https://www.eltiempo.com/justicia/conflicto-y-narcotrafico/siete-muertos-tres-capturados-y-armas-incautadas-los-detalles-del-operativo-en-el-que-cayo-alias-cholo-sucesor-de-bendito-menor-3587821
2026-09-22,OTRO_GAO,,,,EJERCITO|POLICIA,0,3,0,0,0,3,False,True,corroborado,,https://www.eltiempo.com/justicia/conflicto-y-narcotrafico/siete-muertos-tres-capturados-y-armas-incautadas-los-detalles-del-operativo-en-el-que-cayo-alias-cholo-sucesor-de-bendito-menor-3587821 | https://www.infobae.com/colombia/2026/09/22/fue-abatido-alias-cholo-segundo-cabecilla-de-las-autodefensas-conquistadores-de-la-sierra-nevada-y-presunto-sucesor-de-bendito-menor/ | https://laopinion.co/colombia/alias-cholo-segundo-cabecilla-de-las-acsn-fue-abatido-en-operativo-en-magdalena
2026-09-21,OTRO_GAO,,,,POLICIA,6,0,0,0,0,6,False,True,reportado,Cholo|José Luis Pérez Villanueva,https://lavozdelcinaruco.com/en-operativo-policial-habria-muerto-cholo-segundo-cabecilla-de-autodefensas-conquistadoras/ | https://www.minuto30.com/se-les-cayo-el-segundo-al-mando-alias-cholo-fue-abatido-durante-operativo-contra-las-acsn/1719820/
2026-09-21,DESCONOCIDO,,Antioquia,Turbo,ARMADA,0,5,0,0,0,5,False,True,reportado,ciudadano de nacionalidad hondureña,https://www.elcolombiano.com/colombia/incautacion-cargamento-guardacostas-uraba-ofensiva-narcotrafico-gobierno-de-la-espriella-DE41327501
2026-09-21,ELN,,Arauca,Arauquita,EJERCITO|POLICIA,0,1,0,0,0,1,False,True,reportado,Winnie Poo,https://lavozdelcinaruco.com/capturan-a-alias-winnie-poo-presunto-integrante-del-eln-en-arauquita/
2026-09-21,ELN,,Cundinamarca,Soacha,EJERCITO|POLICIA,0,1,0,0,0,1,False,True,reportado,Gallo,https://lavozdelcinaruco.com/capturan-en-soacha-a-alias-gallo-senalado-de-pertenecer-a-redes-de-apoyo-del-eln/
2026-09-21,ELN,,Norte de Santander,Cúcuta,EJERCITO|POLICIA,4,0,0,0,0,4,False,True,corroborado,,https://laopinion.co/judicial/rescatan-un-colombiano-secuestrado-en-zona-rural-de-cucuta-cuatro-capturados
2026-09-21,DESCONOCIDO,,,,EJERCITO|POLICIA,0,0,0,0,0,0,True,True,confirmado,,https://www.cgfm.mil.co/es/multimedia/noticias/durante-el-fin-de-semana-armada-nacional-incauto-cerca-de-47-toneladas-de
2026-09-21,CLAN_DEL_GOLFO,ACSN,Magdalena,El Bagre,POLICIA,0,4,0,0,0,4,False,True,corroborado,,https://www.elcolombiano.com/colombia/advertencia-de-la-espriella-autodefensas-anuncio-paro-armado-FA41365066 | https://www.elcolombiano.com/colombia/muerte-alias-cholo-segundo-cabecilla-autodefensas-conquistadoras-KD41351308 | https://www.minuto30.com/combates-el-bagre-clan-del-golfo/1719623/
2026-09-21,ELN,ACSN,Magdalena,Catatumbo,POLICIA,7,0,0,0,0,7,False,True,corroborado,Cholo,https://www.elcolombiano.com/colombia/advertencia-de-la-espriella-autodefensas-anuncio-paro-armado-FA41365066 | https://www.elcolombiano.com/colombia/muerte-alias-cholo-segundo-cabecilla-autodefensas-conquistadoras-KD41351308 | https://www.eltiempo.com/justicia/conflicto-y-narcotrafico/siete-muertos-tres-capturados-y-armas-incautadas-los-detalles-del-operativo-en-el-que-cayo-alias-cholo-sucesor-de-bendito-menor-3587821 | https://lavozdelcinaruco.com/de-la-espriella-reacciono-al-anuncio-de-acsn-de-paro-armado-quien-no-se-someta-terminara-en-bolsa/ | https://www.contextoganadero.com/regiones/de-la-espriella-acelera-la-ofensiva-asi-golpea-a-la-estructura-del-eln | https://laopinion.co/colombia/alias-cholo-segundo-cabecilla-de-las-acsn-fue-abatido-en-operativo-en-magdalena | https://www.infobae.com/colombia/2026/09/22/fue-abatido-alias-cholo-segundo-cabecilla-de-las-autodefensas-conquistadores-de-la-sierra-nevada-y-presunto-sucesor-de-bendito-menor/
2026-09-21,DESCONOCIDO,,,,EJERCITO|POLICIA,0,8,0,0,0,8,True,True,confirmado,,https://www.cgfm.mil.co/es/multimedia/noticias/durante-el-fin-de-semana-armada-nacional-incauto-cerca-de-47-toneladas-de | https://lavozdelcinaruco.com/mas-de-4-5-toneladas-de-cocaina-fueron-incautadas-en-dos-operaciones-de-la-armada/
2026-09-21,OTRO_GAO,ACSN,Magdalena,,POLICIA,0,0,0,0,0,0,False,True,corroborado,,https://www.elcolombiano.com/colombia/advertencia-de-la-espriella-autodefensas-anuncio-paro-armado-FA41365066 | https://www.elcolombiano.com/colombia/muerte-alias-cholo-segundo-cabecilla-autodefensas-conquistadoras-KD41351308 | https://laopinion.co/colombia/alias-cholo-segundo-cabecilla-de-las-acsn-fue-abatido-en-operativo-en-magdalena
2026-09-21,OTRO_GAO,Estructura Jaime Martínez,Cauca,El Plateado,EJERCITO|POLICIA,0,1,0,0,0,1,True,True,confirmado,Correa,https://www.ejercito.mil.co/ejercito-y-policia-capturan-en-el-plateado-a-alias-correa-presunto-cabecilla-de-milicias-urbanas-de-la-estructura-jaime-martinez | https://www.ejercito.mil.co/ejercito-y-policia-capturan-en-el-plateado-a-alias-correa-presunto-cabecilla-de-milicias-urbanas-de-la-estructura-jaime-martinez-644014 | https://qhubocali.com/judiciales/cayo-alias-correa-senalado-cabecilla-de-milicias-de-la-jaime-martinez/ | https://www.elpais.com.co/judicial/capturado-alias-correa-presunto-cabecilla-de-milicias-urbanas-de-la-estructura-jaime-martinez-en-el-plateado-cauca-2141.html
2026-09-20,CLAN_DEL_GOLFO,,Antioquia,San Luis,EJERCITO,0,0,0,0,0,0,False,True,reportado,,https://h13n.com/laboratorios-de-coca-san-luis/
2026-09-20,CLAN_DEL_GOLFO,,,,EJERCITO|POLICIA,0,3,0,0,0,3,False,True,reportado,Pablo Mosquito,https://lasnoticiascartagena.com.co/cae-alias-pablo-mosquito-junto-a-otros-dos-integrantes-del-clan-del-golfo/
2026-09-20,SEGUNDA_MARQUETALIA,Estructura 36,Antioquia,Gómez Plata,EJERCITO,0,1,0,0,0,1,False,True,reportado,,https://larazon.co/dos-disidentes-abatidos-y-un-capturado-deja-operacion-militar-en-gomez-plata/
2026-09-20,EMC,frente 57,Valle del Cauca,Buga,EJERCITO,1,0,0,0,0,1,False,True,reportado,Sarria,https://www.elpais.com.co/judicial/alias-sarria-jefe-de-finanzas-del-frente-57-de-las-disidencias-de-las-farc-fue-abatido-en-zona-rural-de-buga-2012.html
2026-09-20,SEGUNDA_MARQUETALIA,,Antioquia,Gómez Plata,EJERCITO,0,0,0,0,0,0,False,True,reportado,,https://www.infobae.com/colombia/2026/09/20/rescataron-a-cuatro-personas-secuestradas-por-las-disidencias-de-las-farc-en-antioquia-dos-presuntos-guerrilleros-fueron-dados-de-baja/
2026-09-20,SEGUNDA_MARQUETALIA,,Antioquia,Gómez Plata,EJERCITO,2,0,0,0,0,2,False,True,corroborado,,https://www.infobae.com/colombia/2026/09/20/rescataron-a-cuatro-personas-secuestradas-por-las-disidencias-de-las-farc-en-antioquia-dos-presuntos-guerrilleros-fueron-dados-de-baja/ | https://larazon.co/dos-disidentes-abatidos-y-un-capturado-deja-operacion-militar-en-gomez-plata/
2026-09-19,EMC,Estructura 36,,Gómez Plata,EJERCITO|POLICIA,0,1,0,0,0,1,False,True,reportado,,https://h13n.com/secuestrados-liberados-dos-muertos-gomez-plata/
2026-09-19,EMC,Estructura 36,,Gómez Plata,EJERCITO|POLICIA,2,0,0,0,0,2,False,True,reportado,,https://h13n.com/secuestrados-liberados-dos-muertos-gomez-plata/
2026-09-19,EMBF,Calarcá,Antioquia,Gómez Plata,EJERCITO,1,0,0,0,0,1,False,True,reportado,Huevo,https://www.bluradio.com/nacion/orden-publico/ejercito-rescato-a-cuatro-secuestrados-y-abatio-a-alias-huevo-de-las-disidencias-de-calarca-rg10
2026-09-19,EMC,Estructura 36,Antioquia,San Andrés de Cuerquia,EJERCITO|POLICIA,0,1,0,0,0,1,False,True,reportado,Alexander,https://www.lafm.com.co/orden-publico/alias-alexander-antioquia-disidencias-combates-411430
2026-09-19,CLAN_DEL_GOLFO,,,El Bagre,EJERCITO,1,0,0,0,0,1,False,True,corroborado,,https://www.eltiempo.com/colombia/medellin/muere-un-integrante-del-clan-del-golfo-y-capturan-a-alias-isaias-cabecilla-con-16-anos-de-trayectoria-criminal-en-el-bajo-cauca-antioqueno-3587298 | https://www.minuto30.com/combates-el-bagre-clan-del-golfo/1719623/
2026-09-19,CLAN_DEL_GOLFO,,Antioquia,Bajo Cauca,EJERCITO,0,4,0,0,0,4,False,True,corroborado,Isaías,https://caracol.com.co/2026/09/19/un-muerto-y-cuatro-capturados-dejo-combate-entre-ejercito-y-clan-del-golfo-en-bajo-cauca-antioquia/ | https://laopinion.co/colombia/operativos-contra-el-narcotrafico-dejan-975-kilos-de-cocaina-incautados-y-cinco-capturados | https://www.eltiempo.com/colombia/medellin/muere-un-integrante-del-clan-del-golfo-y-capturan-a-alias-isaias-cabecilla-con-16-anos-de-trayectoria-criminal-en-el-bajo-cauca-antioqueno-3587298
2026-09-19,OTRO_GAO,Estructura 36,Antioquia,Gómez Plata,EJERCITO|POLICIA,2,0,0,0,0,2,True,True,confirmado,Huevo|la Mona,https://www.ejercito.mil.co/operacion-militar-permitio-rescatar-a-cuatro-secuestrados-y-afectar-comision-criminal-de-alias-la-mona-del-gao-r-estructura-36-en-gomez-plata-norte-de-antioquia | https://www.elinformador.com.co/index.php/judiciales/72-judiciales-nacional/359105-rescatan-a-cuatro-personas-secuestradas-en-antioquia-tras-combate-con-la-estructura-36 | https://www.radiohoy.com/2026/09/20/rescatan-a-cuatro-secuestrados-en-antioquia-operativo-dejo-dos-presuntos-integrantes-de-la-estructura-36-abatidos/818759/ | https://www.uhnplus.com/fuerza-publica-de-colombia-rescata-cuatro-secuestrados-y-recupera-cuatro-menores-reclutados-en-antioquia/
2026-09-19,CLAN_DEL_GOLFO,,Antioquia,Bajo Cauca,EJERCITO,1,0,0,0,0,1,False,True,corroborado,,https://caracol.com.co/2026/09/19/un-muerto-y-cuatro-capturados-dejo-combate-entre-ejercito-y-clan-del-golfo-en-bajo-cauca-antioquia/ | https://www.bluradio.com/regiones/antioquia/ofensiva-contra-el-clan-del-golfo-y-el-eln-en-antioquia-deja-un-abatido-y-siete-capturados-rg10 | https://laopinion.co/colombia/operativos-contra-el-narcotrafico-dejan-975-kilos-de-cocaina-incautados-y-cinco-capturados | https://www.elcolombiano.com/antioquia/clan-del-golfo-briceno-combate-ejercito-vereda-chorrillos-armas-incautadas-MF41228343 | https://www.elcolombiano.com/antioquia/integrantes-del-clan-del-golfo-se-entregaron-al-ejercito-briceno-antioquia-FE41233431
2026-09-19,OTRO_GAO,,Risaralda,Dosquebradas,EJERCITO|POLICIA,0,1,0,0,0,1,True,True,confirmado,Cuba,https://www.ejercito.mil.co/cae-presunto-jefe-de-sicarios-del-gdo-la-cordillera-en-dosquebradas | https://www.bluradio.com/regiones/antioquia/capturan-en-dosquebradas-a-alias-cuba-presunto-jefe-de-sicarios-de-la-cordillera-rg10 | https://laopinion.co/colombia/operativos-contra-el-narcotrafico-dejan-975-kilos-de-cocaina-incautados-y-cinco-capturados
2026-09-19,ELN,,Antioquia,Medellín,POLICIA,0,3,0,0,0,3,False,True,corroborado,Téllez,https://www.bluradio.com/regiones/antioquia/ofensiva-contra-el-clan-del-golfo-y-el-eln-en-antioquia-deja-un-abatido-y-siete-capturados-rg10 | https://www.elcolombiano.com/medellin/captura-alias-tellez-medellin-enlace-eln-disidencias-farc-calarca-AA41276006 | https://www.lafm.com.co/orden-publico/capturan-en-medellin-a-alias-tellez-senalado-enlace-entre-el-eln-y-el-frente-36-de-las-disidencias-411377
2026-09-18,ELN,milicias urbanas,Cauca,El Plateado,EJERCITO|POLICIA,0,1,0,0,0,1,False,True,reportado,Correa,https://laopinion.co/region/golpe-al-eln-en-ocana-capturan-cuatro-presuntos-integrantes-por-hurto-de-hidrocarburos
2026-09-18,ELN,frente Camilo Torres Restrepo,Norte de Santander,Ocaña,EJERCITO|POLICIA,0,4,0,0,0,4,False,True,reportado,,https://laopinion.co/region/golpe-al-eln-en-ocana-capturan-cuatro-presuntos-integrantes-por-hurto-de-hidrocarburos
2026-09-18,OTRO_GAO,ACSN,Norte de Santander,La Esperanza,EJERCITO|POLICIA,0,5,0,0,0,5,True,True,corroborado,Borrador|Miguel|Miguelito,https://laopinion.co/judicial/capturan-en-norte-de-santander-cinco-presuntos-integrantes-de-las-autodefensas | https://laopinion.co/judicial/estan-entrando-las-autodefensas-conquistadoras-de-la-sierra-norte-de-santander-cinco | https://www.ejercito.mil.co/capturado-alias-miguelito-o-comando-19-presunto-integrante-del-frente-resistencia-campesina-del-gao-ascn-en-la-esperanza-norte-de-santander
2026-09-18,CLAN_DEL_GOLFO,subestructura Luis Hernando Rozo Bertel,Antioquia,Briceño,EJERCITO,0,0,4,0,0,4,False,True,corroborado,,https://www.elcolombiano.com/antioquia/integrantes-del-clan-del-golfo-se-entregaron-al-ejercito-briceno-antioquia-FE41233431 | https://www.lafm.com.co/orden-publico/cuatro-integrantes-del-clan-del-golfo-se-entregan-en-antioquia-411291
2026-09-18,CLAN_DEL_GOLFO,,Bolívar,El Carmen de Bolívar,EJERCITO|POLICIA,0,1,0,0,0,1,False,True,corroborado,Julián,https://caracol.com.co/2026/09/19/captura-de-presunto-cabecilla-de-seguridad-del-gao-clan-del-golfo-en-tiquisio-bolivar/ | https://www.elheraldo.co/colombia/2026/09/19/capturan-a-presunto-cabecilla-del-clan-del-golfo-en-los-montes-de-maria/ | https://www.eluniversal.com.co/sucesos/2026/09/17/video-asi-cayo-julian-senalado-jefe-del-clan-del-golfo-en-los-montes-de-maria/ | https://www.franjanoticias.com/2026/09/17/capturan-a-presunto-cabecilla-del-clan-del-golfo/
2026-09-17,EMBF,Bloque Magdalena Medio del Frente 36,Antioquia,Anorí,EJERCITO,0,0,0,0,0,0,False,True,reportado,,https://www.elcolombiano.com/antioquia/clan-del-golfo-briceno-combate-ejercito-vereda-chorrillos-armas-incautadas-MF41228343
2026-09-17,EMC,Frente 18 de las disidencias de las Farc,Antioquia,Ituango,,0,0,0,0,0,0,False,True,reportado,,https://www.elcolombiano.com/antioquia/clan-del-golfo-briceno-combate-ejercito-vereda-chorrillos-armas-incautadas-MF41228343
2026-09-17,EMC,Frente 36 de las disidencias de las Farc,Antioquia,Briceño,EJERCITO,0,0,0,0,0,0,False,True,reportado,,https://www.elcolombiano.com/antioquia/clan-del-golfo-briceno-combate-ejercito-vereda-chorrillos-armas-incautadas-MF41228343
2026-09-17,CLAN_DEL_GOLFO,,Antioquia,Briceño,EJERCITO,0,0,0,0,0,0,False,True,reportado,,https://www.elcolombiano.com/antioquia/clan-del-golfo-briceno-combate-ejercito-vereda-chorrillos-armas-incautadas-MF41228343
2026-09-17,CLAN_DEL_GOLFO,,,Briceño,EJERCITO|POLICIA,0,0,0,0,0,0,False,True,reportado,,https://www.minuto30.com/operativo-briceno-clan-golfo-armas/1719481/
2026-09-17,DESCONOCIDO,,Caquetá,Villa del Río,EJERCITO,0,2,0,0,0,2,False,True,reportado,Calarcá,https://www.minuto30.com/capturados-dos-disidentes-farc/1719470/
2026-09-17,SEGUNDA_MARQUETALIA,Carolina Ramírez,Cauca,Santander de Quilichao,EJERCITO|POLICIA,0,1,0,0,0,1,False,True,reportado,Ramón|Ramón Elías Bedoya Salazar,https://www.elespectador.com/judicial/capturan-a-presunto-integrante-de-las-disidencias-mas-buscado-en-caqueta/
2026-09-17,CLAN_DEL_GOLFO,Subestructura Luis Hernando Rozo Bertel,Antioquia,Briceño,EJERCITO|POLICIA,0,0,0,0,0,0,True,True,confirmado,,https://www.ejercito.mil.co/un-muerto-en-desarrollo-de-operaciones-militares-y-cuatro-fusiles-incautados-deja-combate-contra-el-clan-del-golfo-en-briceno-antioquia
2026-09-17,EMC,,Cauca,Santander de Quilichao,EJERCITO|POLICIA,0,1,0,0,0,1,False,True,corroborado,Ramón,https://elexpreso.co/hoy/capturan-en-cauca-a-alias-ramon-hombre-clave-en-la-logistica-de-las-disidencias-de-ivan-mordisco/ | https://elperiodicodeportivo.com.co/cauca-cayo-alias-ramon-cabecilla-de-las-disidencias-de-mordisco-en-el-caqueta-video/ | https://www.diariodelsur.com.co/capturado-en-cauca-cabecilla-vinculado-a-estructura-de-alias-ivan-mordisco/
2026-09-17,CLAN_DEL_GOLFO,,,Briceño,EJERCITO|POLICIA,1,0,0,0,0,1,False,True,corroborado,,https://www.lafm.com.co/orden-publico/tres-abatidos-ejercito-antioquia-clan-del-golfo-combates-411251 | https://www.minuto30.com/operativo-briceno-clan-golfo-armas/1719481/
2026-09-16,ELN,,,,EJERCITO|POLICIA,5,0,0,0,0,5,False,True,reportado,,https://h13n.com/cinco-presuntos-integrantes-del-eln-abatidos-y-abundante-material-de-guerra-incautado/
2026-09-16,ELN,,Bolívar,Morales,EJERCITO,0,0,0,0,0,0,False,True,reportado,,https://45segundos.com/actualidad/combates-entre-ejercito-y-eln-en-el-sur-de-bolivar-dejan-cinco-muertos-y-un-soldado-herido/
2026-09-16,ELN,Frente de Guerra Oriental,Meta,Villavicencio,POLICIA,0,1,0,0,0,1,False,True,reportado,Gildardo Quinchía Giraldo,https://www.viveelmeta.com/la-presion-esta-dando-resultados-de-la-espriella-por-captura-de-financiador-del-eln-en-villavicencio-52159/
2026-09-16,CLAN_DEL_GOLFO,,Cesar,Chiriguaná,EJERCITO|POLICIA,0,4,0,0,0,4,False,True,reportado,,https://diariodelnorte.net/caribe/allanamiento-en-chiriguana-cesar-deja-cuatro-presuntos-integrantes-del-clan-del-golfo-capturados/
2026-09-16,ELN,,Meta,Villavicencio,,0,0,1,0,0,1,False,True,reportado,Gildardo,https://www.infobae.com/colombia/2026/09/16/alias-gildardo-jefe-de-finanzas-del-eln-se-entrego-a-las-autoridades-presidente-abelardo-de-la-espriella-lanzo-ultimatum-al-grupo-guerrillero/ | https://www.radiosantafe.com/2026/09/16/nuevos-resultados-de-ofensiva-contra-bandas-criminales-reporta-de-la-espriella-cabecilla-alias-niche-y-4-integrantes-del-eln-fueron-abatidos-otro-se-entrego/
2026-09-16,CLAN_DEL_GOLFO,subestructura Jorge Mario Valle,Antioquia,Zaragoza,EJERCITO|POLICIA,0,1,0,0,0,1,True,True,confirmado,El Gato|El Gordo Arrieta|El Perro,https://www.cgfm.mil.co/es/multimedia/noticias/ejercito-y-policia-nacional-capturaron-en-zaragoza-antioquia-alias-el-perro | https://www.bluradio.com/regiones/antioquia/capturan-en-zaragoza-antioquia-a-el-perro-senalado-cabecilla-financiero-del-clan-del-golfo-rg10 | https://www.cablenoticias.com/noticias/capturan-alias-perro-presunto-cabecilla-del-clan-del-golfo | https://www.nacionpaisa.com/capturan-en-zaragoza-a-presunto-cabecilla-financiero-del-clan-del-golfo/ | https://www.ntn24.com/noticias-actualidad/duro-golpe-al-aparato-criminal-capturan-a-alias-el-perro-cabecilla-financiero-del-clan-del-golfo-650782 | https://www.policia.gov.co/noticia/alias-gordo-arrieta | https://www.minuto30.com/capturan-en-valdivia-a-presunto-integrante-del-clan-del-golfo-tenia-una-mini-uzi-y-municion/1719147/ | https://www.elinformador.com.co/index.php/judiciales/72-judiciales-nacional/340031-capturan-a-alias-el-gato-presunto-cabecilla-del-clan-del-golfo
2026-09-15,DESCONOCIDO,,Risaralda,Dosquebradas,POLICIA,0,0,0,0,0,0,False,True,reportado,,https://www.asuntoslegales.com.co/actualidad/gobierno-ha-incautado-83-814-kg-de-estupefacientes-desde-agosto-4482583
2026-09-15,OTRO_GAO,,,,EJERCITO|POLICIA,0,1,0,0,0,1,False,True,reportado,Miyagui,https://www.semana.com/nacion/articulo/golpe-a-los-comandos-de-frontera-de-alias-arana-fue-capturado-alias-miyagui-uno-de-sus-cabecillas/202659/
2026-09-15,OTRO_GAO,Comandos de Frontera,Putumayo,,POLICIA,0,3,0,0,0,3,False,True,reportado,Diablo|Indio Miyagui|Kataleya,https://www.eltiempo.com/justicia/conflicto-y-narcotrafico/ocho-capturados-en-dos-operaciones-contra-los-comandos-de-frontera-en-putumayo-3586312
2026-09-15,SEGUNDA_MARQUETALIA,,Vichada,Cumaribo,EJERCITO|POLICIA,0,2,0,0,0,2,False,True,reportado,,https://www.eltiempo.com/justicia/conflicto-y-narcotrafico/operativo-contra-la-segunda-marquetalia-cae-media-tonelada-de-marihuana-avaluada-en-1-600-millones-3586140
2026-09-15,ELN,,Bolívar,Morales,EJERCITO,6,0,0,0,0,6,False,True,corroborado,Niche,https://www.elespectador.com/judicial/presidente-de-la-espriella-confirma-muerte-de-cinco-integrantes-del-eln-en-bolivar/ | https://www.eltiempo.com/justicia/conflicto-y-narcotrafico/combates-entre-el-ejercito-y-el-eln-dejan-cinco-muertos-y-un-soldado-herido-en-el-sur-de-bolivar-alias-niche-esta-entre-los-abatidos-3586193 | https://www.lafm.com.co/orden-publico/no-tendran-refugio-de-la-espriella-tras-abatimiento-de-cabecilla-del-eln-en-el-sur-de-bolivar-410995 | https://45segundos.com/actualidad/combates-entre-ejercito-y-eln-en-el-sur-de-bolivar-dejan-cinco-muertos-y-un-soldado-herido/ | https://724noticias.com.co/2026/09/15/cinco-integrantes-eln-abatidos-combate-ejercito-sur-bolivar-morales/ | https://diariolalibertad.com/2026/09/15/combate-en-el-sur-de-bolivar-dan-de-baja-cinco-presuntos-integrantes-del-eln/ | https://ifmnoticias.com/seguridad/alias-niche-senalado-de-ataques-con-drones-cayo-durante-operativo-en-el-sur-de-bolivar/ | https://www.elheraldo.co/colombia/2026/09/15/cinco-presuntos-integrantes-del-eln-murieron-luego-de-combates-contra-el-ejercito-en-morales-bolivar/ | https://www.eluniversal.com.co/sucesos/2026/09/16/el-prontuario-criminal-de-alias-niche-abatido-por-el-ejercito-en-morales-bolivar/ | https://www.lanacion.com.co/no-tendran-refugio-de-la-espriella-tras-abatimiento-de-cabecilla-del-eln/ | https://www.seguimiento.co/colombia/ejercito-reporto-cinco-integrantes-del-eln-muertos-tras-combate-en-el-sur-de-bolivar-89217 | https://www.lafm.com.co/orden-publico/drones-explosivos-abatido-alias-niche-eln-ejercito-bolivar-colombia-411006 | https://www.elinformador.com.co/index.php/judiciales/72-judiciales-nacional/358872-ejercito-neutralizo-a-alias-niche-cabecilla-de-frente-de-guerra-del-eln | https://www.semana.com/nacion/articulo/fuerzas-militares-dan-otro-duro-golpe-al-eln-fueron-abatidos-cinco-presuntos-integrantes-de-esa-organizacion-entre-ellos-alias-niche/202629/ | https://www.radiosantafe.com/2026/09/16/nuevos-resultados-de-ofensiva-contra-bandas-criminales-reporta-de-la-espriella-cabecilla-alias-niche-y-4-integrantes-del-eln-fueron-abatidos-otro-se-entrego/ | https://www.semana.com/politica/articulo/abelardo-de-la-espriella-confirmo-que-fue-dado-de-baja-alias-niche-cabecilla-del-eln-los-vamos-a-acabar/202629/ | https://noticiaslaft.topbls.com/abelardo-de-la-espriella-confirmo-que-fue-dado-de-baja-alias-niche-cabecilla-del-eln/ | https://www.boyacaradio.com/noticia.php?id=64322 | https://www.publimetro.co/noticias/2026/09/15/de-la-espriella-reporto-fuerte-golpe-al-eln-en-bolivar-cinco-integrantes-murieron-en-combate-con-el-ejercito/ | https://www.elinformador.com.co/index.php/judiciales/72-judiciales-nacional/358822-alias-niche-cabecilla-del-eln-vinculado-a-atentado-de-aguachica-fue-dado-de-baja
2026-09-14,DESCONOCIDO,,,,ARMADA,0,1,0,0,0,1,False,True,reportado,,https://www.thearchipielagopress.co/armada-nacional-incauta-mas-de-media-tonelada-de-clorhidrato-de-cocaina-y-captura-a-un-sujeto-tras-persecucion-en-zona-costera/
2026-09-14,CLAN_DEL_GOLFO,subestructura Manuel Alexánder Ariza Rosario,Antioquia,Zaragoza,EJERCITO,0,0,0,0,0,0,False,True,reportado,,https://www.bluradio.com/regiones/antioquia/ejercito-incauto-mas-de-1-800-municiones-en-enorme-deposito-del-clan-del-golfo-en-zaragoza-rg10
2026-09-14,CLAN_DEL_GOLFO,,Cauca,,,1,0,0,0,0,1,False,True,reportado,cabecilla,https://www.noticiasrcn.com/colombia/dan-de-baja-a-alias-niche-cabecilla-del-clan-del-golfo-1060510
2026-09-14,CLAN_DEL_GOLFO,,Cesar,Bosconia,EJERCITO|POLICIA,0,1,0,0,0,1,False,True,reportado,,https://diariodelnorte.net/caribe/capturan-a-presunto-cabecilla-del-clan-del-golfo-durante-operacion-conjunta-en-bosconia-cesar/
2026-09-14,ELN,,Norte de Santander,El Carmen,POLICIA,0,0,0,0,0,0,False,True,reportado,,https://www.elcolombiano.com/colombia/policia-regreso-subestacion-guamalito-norte-de-santander-destruccion-eln-NB41043943
2026-09-14,SEGUNDA_MARQUETALIA,Frente 57,Valle del Cauca,,POLICIA,0,1,0,0,0,1,False,True,reportado,Yeiner,https://www.elpais.com.co/judicial/autoridades-del-valle-capturaron-a-alias-yeiner-cabecilla-del-frente-57-de-las-disidencias-de-las-farc-1451.html
2026-09-14,CLAN_DEL_GOLFO,,Antioquia,Caucasia,EJERCITO,0,0,0,0,0,0,True,True,confirmado,,https://www.ejercito.mil.co/combates-entre-el-ejercito-nacional-y-el-clan-del-golfo-en-caucasia-antioquia-dejan-un-muerto-en-desarrollo-de-operaciones-tres-capturados-y-material-incautado
2026-09-14,CLAN_DEL_GOLFO,,Antioquia,Caucasia,EJERCITO,0,0,0,0,0,0,True,True,confirmado,,https://www.ejercito.mil.co/combates-entre-el-ejercito-nacional-y-el-clan-del-golfo-en-caucasia-antioquia-dejan-un-muerto-en-desarrollo-de-operaciones-tres-capturados-y-material-incautado
2026-09-14,EMC,Bloque Occidental Jacobo Arenas,Valle del Cauca,Cali,EJERCITO|POLICIA,0,4,0,0,0,4,True,True,confirmado,,https://www.ejercito.mil.co/ejercito-nacional-y-policia-antinarcoticos-capturan-a-cuatro-presuntos-integrantes-del-gao-residual-bloque-occidental-jacobo-arenas-en-cali
2026-09-14,CLAN_DEL_GOLFO,Uldar Cardona Rueda,Antioquia,Caucasia,EJERCITO|POLICIA,0,0,0,0,0,0,False,True,corroborado,,https://www.elcolombiano.com/antioquia/operativo-clan-del-golfo-antioquia-alias-niche-abatido-capturados-secuestrados-rescatados-CE41019391 | https://www.elcolombiano.com/colombia/operativo-clan-del-golfo-antioquia-alias-niche-abatido-capturados-secuestrados-rescatados-CE41019391
2026-09-14,ELN,,Norte de Santander,El Carmen,POLICIA,0,1,0,0,0,1,False,True,corroborado,el Trompón,https://www.bluradio.com/judicial/capturan-a-alias-trompon-integrante-del-eln-senalado-de-ataques-con-drones-en-guamalito-rg10 | https://www.elcolombiano.com/colombia/policia-regreso-subestacion-guamalito-norte-de-santander-destruccion-eln-NB41043943 | https://www.infobae.com/colombia/2026/09/14/la-policia-nacional-regreso-a-guamalito-con-150-comandos-especiales-capturaron-a-un-presunto-explosivista-del-eln-durante-el-despliegue/ | https://laopinion.co/region/asi-fue-como-la-fuerza-publica-retomo-el-control-de-guamalito-en-el-carmen
2026-09-14,CLAN_DEL_GOLFO,Uldar Cardona Rueda,Antioquia,Caucasia,EJERCITO|POLICIA,1,0,0,0,0,1,True,True,corroborado,Niche,https://www.bluradio.com/regiones/antioquia/presidente-de-la-espriella-confirmo-la-muerte-de-alias-niche-cabecilla-del-clan-del-golfo-rg10 | https://www.elcolombiano.com/antioquia/operativo-clan-del-golfo-antioquia-alias-niche-abatido-capturados-secuestrados-rescatados-CE41019391 | https://www.elcolombiano.com/colombia/operativo-clan-del-golfo-antioquia-alias-niche-abatido-capturados-secuestrados-rescatados-CE41019391 | https://diariodelcauca.com.co/video-alias-niche-cabecilla-del-clan-del-golfo-neutralizado-en-caucasia-antioquia/ | https://www.ejercito.mil.co/combates-entre-el-ejercito-nacional-y-el-clan-del-golfo-en-caucasia-antioquia-dejan-un-muerto-en-desarrollo-de-operaciones-tres-capturados-y-material-incautado | https://caracol.com.co/2026/09/14/combates-de-ejercito-y-clan-del-golfo-en-caucasia-dejan-muerto-tres-capturados-y-siete-liberados/ | https://www.lafm.com.co/actualidad/gobierno-confirma-nuevo-golpe-contra-el-clan-del-golfo-en-antioquia-alias-niche-fue-dado-de-baja-tres-capturados-y-siete-secuestrados-rescatados-410812
2026-09-14,CLAN_DEL_GOLFO,,Cesar,,EJERCITO|POLICIA,0,2,0,0,0,2,True,True,confirmado,Juan o Rolo|Yogui,https://www.ejercito.mil.co/alias-yogui-presunto-coordinador-logistico-del-clan-del-golfo-fue-capturado-en-el-sur-del-cesar | https://www.bluradio.com/regiones/santanderes/capturan-a-alias-yogui-presunto-coordinador-del-clan-del-golfo-en-cesar-y-santander-rg10 | https://www.pulzo.com/nacion/capturan-a-alias-yogui-cabecilla-del-clan-del-golfo-en-gamarra-cesar-operativo-de-gaula-y-policia-PP5302746A | https://www.pulzo.com/nacion/capturan-a-alias-yogui-presunto-lider-logistico-del-clan-del-golfo-en-gamarra-cesar-PP5302819A | https://www.pulzo.com/nacion/clan-del-golfo-capturan-a-alias-yogui-cabecilla-criminal-en-gamarra-cesar-PP5302780A | https://www.pulzo.com/nacion/clan-del-golfo-capturan-a-alias-yogui-y-alias-juan-en-gamarra-cesar-con-arsenal-incautado-PP5302830A
2026-09-14,CLAN_DEL_GOLFO,,Antioquia,Caucasia,EJERCITO,0,3,0,0,0,3,True,True,confirmado,,https://www.ejercito.mil.co/combates-entre-el-ejercito-nacional-y-el-clan-del-golfo-en-caucasia-antioquia-dejan-un-muerto-en-desarrollo-de-operaciones-tres-capturados-y-material-incautado | https://caracol.com.co/2026/09/14/combates-de-ejercito-y-clan-del-golfo-en-caucasia-dejan-muerto-tres-capturados-y-siete-liberados/ | https://www.bluradio.com/regiones/antioquia/presidente-de-la-espriella-confirmo-la-muerte-de-alias-niche-cabecilla-del-clan-del-golfo-rg10 | https://www.elcolombiano.com/antioquia/operativo-clan-del-golfo-antioquia-alias-niche-abatido-capturados-secuestrados-rescatados-CE41019391 | https://www.elcolombiano.com/colombia/operativo-clan-del-golfo-antioquia-alias-niche-abatido-capturados-secuestrados-rescatados-CE41019391 | https://www.eltiempo.com/justicia/conflicto-y-narcotrafico/asi-cayeron-tres-presuntos-integrantes-del-clan-del-golfo-en-choco-dos-estaban-profugos-3586334 | https://www.infobae.com/colombia/2026/09/14/golpe-al-clan-del-golfo-en-antioquia-un-muerto-tres-capturados-y-siete-secuestrados-liberados/ | https://www.lafm.com.co/actualidad/gobierno-confirma-nuevo-golpe-contra-el-clan-del-golfo-en-antioquia-alias-niche-fue-dado-de-baja-tres-capturados-y-siete-secuestrados-rescatados-410812
2026-09-13,OTRO_GAO,,,,,0,0,1,0,0,1,False,True,reportado,,https://www.radiosantafe.com/2026/09/13/de-la-espriella-reporta-nuevos-resultados-de-la-ofensiva-de-la-fuerza-publica-contra-estructuras-narcoterroristas-19-capturados-un-abatido-y-un-sometimiento/
2026-09-13,DESCONOCIDO,,,,,0,19,0,0,0,19,False,True,reportado,,https://www.radiosantafe.com/2026/09/13/de-la-espriella-reporta-nuevos-resultados-de-la-ofensiva-de-la-fuerza-publica-contra-estructuras-narcoterroristas-19-capturados-un-abatido-y-un-sometimiento/
2026-09-13,EMC,Frente 36,Antioquia,San Andrés de Cuerquia,EJERCITO,0,0,0,0,0,0,False,True,reportado,,https://www.elsonajero.com/noticia/golpe-del-ejercito-a-disidencias-en-antioquia
2026-09-13,EMC,,Valle del Cauca,Sevilla,EJERCITO|POLICIA,0,0,0,0,0,0,False,True,reportado,,https://www.ntn24.com/noticias-actualidad/asi-fue-el-operativo-donde-cayeron-dos-presuntos-cabecillas-de-disidencias-de-las-farc-en-sevilla-valle-fue-incautado-armamento-de-alto-calibre-649889
2026-09-13,EMC,,Valle del Cauca,Sevilla,EJERCITO|POLICIA,2,0,0,0,0,2,False,True,reportado,,https://www.ntn24.com/noticias-actualidad/asi-fue-el-operativo-donde-cayeron-dos-presuntos-cabecillas-de-disidencias-de-las-farc-en-sevilla-valle-fue-incautado-armamento-de-alto-calibre-649889
2026-09-13,DESCONOCIDO,,,La Pintada,,0,0,0,0,0,0,False,True,reportado,,https://lavozdelcinaruco.com/de-la-espriella-reporta-19-capturas-y-millonarias-incautaciones-de-droga-en-las-ultimas-24-horas/
2026-09-13,DESCONOCIDO,,,Pereira,,0,0,0,0,0,0,False,True,reportado,,https://lavozdelcinaruco.com/de-la-espriella-reporta-19-capturas-y-millonarias-incautaciones-de-droga-en-las-ultimas-24-horas/
2026-09-13,DESCONOCIDO,,,Sibaté,,0,0,0,0,0,0,False,True,reportado,,https://lavozdelcinaruco.com/de-la-espriella-reporta-19-capturas-y-millonarias-incautaciones-de-droga-en-las-ultimas-24-horas/
2026-09-13,CLAN_DEL_GOLFO,subestructura Jorge Iván Arboleda Garcés,Antioquia,Gómez Plata,EJERCITO,0,2,0,0,0,2,False,True,reportado,,https://www.infobae.com/colombia/2026/09/13/ejercito-capturo-a-dos-presuntos-integrantes-del-clan-del-golfo-en-gomez-plata-antioquia/
2026-09-13,CLAN_DEL_GOLFO,,,Caucasia,EJERCITO|POLICIA,0,0,0,0,0,0,False,True,reportado,,https://www.eltiempo.com/justicia/conflicto-y-narcotrafico/combate-en-caucasia-deja-un-muerto-y-tres-capturados-son-senalados-como-integrantes-del-clan-del-golfo-3585711
2026-09-13,ELN,frente Juan Fernando Porras Martínez,Norte de Santander,Cúcuta,EJERCITO|POLICIA,0,2,0,0,0,2,False,True,reportado,,https://laopinion.co/judicial/en-el-barrio-el-callejon-de-cucuta-se-escondian-presuntos-integrantes-del-eln
2026-09-13,CLAN_DEL_GOLFO,,,Caucasia,EJERCITO|POLICIA,3,0,0,0,0,3,False,True,corroborado,,https://www.eltiempo.com/justicia/conflicto-y-narcotrafico/combate-en-caucasia-deja-un-muerto-y-tres-capturados-son-senalados-como-integrantes-del-clan-del-golfo-3585711 | https://www.infobae.com/colombia/2026/09/14/golpe-al-clan-del-golfo-en-antioquia-un-muerto-tres-capturados-y-siete-secuestrados-liberados/
2026-09-13,OTRO_GAO,frente/estructura o null,Antioquia,San Andrés de Cuerquia,EJERCITO,0,0,0,0,0,0,False,True,corroborado,,https://www.eltiempo.com/justicia/conflicto-y-narcotrafico/presidente-abelardo-de-la-espriella-reporto-golpe-al-frente-36-en-antioquia-combate-dejo-un-muerto-y-un-capturado-3585652 | https://www.infobae.com/colombia/2026/09/13/un-muerto-y-un-capturado-tras-combate-del-ejercito-con-el-frente-36-en-antioquia-esto-dijo-el-presidente/
2026-09-13,OTRO_GAO,frente/estructura o null,Antioquia,San Andrés de Cuerquia,EJERCITO,1,0,0,0,0,1,True,True,corroborado,,https://www.eltiempo.com/justicia/conflicto-y-narcotrafico/presidente-abelardo-de-la-espriella-reporto-golpe-al-frente-36-en-antioquia-combate-dejo-un-muerto-y-un-capturado-3585652 | https://www.infobae.com/colombia/2026/09/13/un-muerto-y-un-capturado-tras-combate-del-ejercito-con-el-frente-36-en-antioquia-esto-dijo-el-presidente/ | https://www.ejercito.mil.co/un-muerto-en-desarrollo-de-operaciones-militares-y-un-capturado-del-gao-r-estructura-36-tras-combates-en-san-andres-de-cuerquia-norte-de-antioquia | https://www.elpais.com.co/judicial/abelardo-de-la-espriella-reporto-golpe-al-frente-36-en-antioquia-un-muerto-y-un-capturado-tras-combate-1204.html | https://lavozdelcinaruco.com/de-la-espriella-reporta-19-capturas-y-millonarias-incautaciones-de-droga-en-las-ultimas-24-horas/ | https://www.radiosantafe.com/2026/09/13/de-la-espriella-reporta-nuevos-resultados-de-la-ofensiva-de-la-fuerza-publica-contra-estructuras-narcoterroristas-19-capturados-un-abatido-y-un-sometimiento/
2026-09-13,OTRO_GAO,frente/estructura o null,Antioquia,San Andrés de Cuerquia,EJERCITO,0,1,0,0,0,1,True,True,confirmado,,https://www.ejercito.mil.co/un-muerto-en-desarrollo-de-operaciones-militares-y-un-capturado-del-gao-r-estructura-36-tras-combates-en-san-andres-de-cuerquia-norte-de-antioquia | https://www.eltiempo.com/justicia/conflicto-y-narcotrafico/presidente-abelardo-de-la-espriella-reporto-golpe-al-frente-36-en-antioquia-combate-dejo-un-muerto-y-un-capturado-3585652 | https://www.infobae.com/colombia/2026/09/13/un-muerto-y-un-capturado-tras-combate-del-ejercito-con-el-frente-36-en-antioquia-esto-dijo-el-presidente/ | https://www.elpais.com.co/judicial/abelardo-de-la-espriella-reporto-golpe-al-frente-36-en-antioquia-un-muerto-y-un-capturado-tras-combate-1204.html | https://lavozdelcinaruco.com/de-la-espriella-reporta-19-capturas-y-millonarias-incautaciones-de-droga-en-las-ultimas-24-horas/
2026-09-13,EMC,Frente 36,Antioquia,San Andrés de Cuerquia,EJERCITO,0,1,0,0,0,1,False,True,corroborado,Chuzo,https://caracol.com.co/2026/09/13/un-muerto-y-un-capturado-deja-combate-del-ejercito-contra-el-frente-36-en-san-andres-de-cuerquia/ | https://www.lafm.com.co/orden-publico/un-abatido-y-un-capturado-dejaron-combates-del-ejercito-410777 | https://diariodelnorte.net/nacion/operacion-militar-contra-disidencias-del-frente-36-dejo-un-guerrillero-muerto-y-otro-capturado-en-antioquia/ | https://www.elsonajero.com/noticia/golpe-del-ejercito-a-disidencias-en-antioquia | https://www.semana.com/nacion/articulo/golpe-a-las-disidencias-de-las-farc-en-antioquia-un-hombre-muerto-y-otro-capturado-en-combate-con-el-ejercito/202614/ | https://www.elheraldo.co/colombia/2026/09/13/un-presunto-integrante-del-frente-36-de-las-disidencias-de-las-farc-murio-en-medio-de-combates-con-el-ejercito-en-antioquia/ | https://www.elcolombiano.com/antioquia/andres-julian-rendon-operacion-cazador-aspersion-drones-antioquia-GE41105726
2026-09-13,EMC,Frente 36,Antioquia,San Andrés de Cuerquia,EJERCITO,1,0,0,0,0,1,False,True,corroborado,El Eléctrico|Leito,https://caracol.com.co/2026/09/13/un-muerto-y-un-capturado-deja-combate-del-ejercito-contra-el-frente-36-en-san-andres-de-cuerquia/ | https://www.lafm.com.co/orden-publico/un-abatido-y-un-capturado-dejaron-combates-del-ejercito-410777 | https://www.semana.com/nacion/articulo/golpe-a-las-disidencias-de-las-farc-en-antioquia-un-hombre-muerto-y-otro-capturado-en-combate-con-el-ejercito/202614/ | https://diariodelnorte.net/nacion/operacion-militar-contra-disidencias-del-frente-36-dejo-un-guerrillero-muerto-y-otro-capturado-en-antioquia/ | https://www.elheraldo.co/colombia/2026/09/13/un-presunto-integrante-del-frente-36-de-las-disidencias-de-las-farc-murio-en-medio-de-combates-con-el-ejercito-en-antioquia/ | https://www.elsonajero.com/noticia/golpe-del-ejercito-a-disidencias-en-antioquia | https://www.elcolombiano.com/antioquia/fallecimiento-alias-leito-electrico-cabecilla-calarca-muerte-policias-amalfi-HF41004276
2026-09-12,EMC,,Huila,Algeciras,,0,0,0,0,0,0,False,True,reportado,,https://www.lafm.com.co/orden-publico/disidente-explosivos-huila-captura-algeciras-410706
2026-09-12,EMC,Frente 36,Tolima,Flandes,EJERCITO|POLICIA,0,1,0,0,0,1,False,True,reportado,Víctor Chalá,https://www.elcolombiano.com/antioquia/alias-victor-chala-no-acepto-cargos-secuestro-asesinato-periodista-mateo-perez-rueda-KE40992954
2026-09-12,ELN,compañía Juan Carlos Chilhueso Pazzú,,,EJERCITO,0,0,0,0,0,0,True,True,confirmado,el Flaco,https://www.ejercito.mil.co/ejercito-nacional-asesta-importante-golpe-a-estructura-del-eln-en-el-macizo-colombiano
2026-09-12,ELN,compañía Juan Carlos Chilhueso Pazzú,,,EJERCITO,0,2,0,0,0,2,True,True,confirmado,el Flaco,https://www.ejercito.mil.co/ejercito-nacional-asesta-importante-golpe-a-estructura-del-eln-en-el-macizo-colombiano
2026-09-12,OTRO_GAO,Dagoberto Ramos,Cauca,,EJERCITO,0,0,0,0,0,0,True,True,confirmado,,https://www.ejercito.mil.co/ejercito-nacional-desarticula-comision-urbana-de-la-estructura-residual-dagoberto-ramos-en-el-norte-del-cauca-643848
2026-09-12,EMC,Dagoberto Ramos,Cauca,,EJERCITO,0,1,0,0,0,1,True,True,confirmado,Vegeta,https://www.ejercito.mil.co/ejercito-nacional-desarticula-comision-urbana-de-la-estructura-residual-dagoberto-ramos-en-el-norte-del-cauca-643848
2026-09-12,EMC,Frente 57 Yaír Bermúdez,Valle del Cauca,Sevilla,POLICIA,0,3,0,0,0,3,False,True,corroborado,,https://www.bluradio.com/regiones/pacifico/capturados-tres-integrantes-del-frente-57-yair-bermudez-de-las-disidencias-en-sevilla-valle-rg10 | https://www.eltiempo.com/colombia/cali/tres-integrantes-del-frente-yair-bermudez-de-las-disidencias-en-el-valle-del-cauca-fueron-capturados-en-sevilla-con-armas-y-una-granada-3585730 | https://www.elpais.com.co/judicial/capturan-en-sevilla-valle-a-tres-presuntos-integrantes-de-la-disidencia-frente-57-yair-bermudez-1211.html
2026-09-11,DESCONOCIDO,,La Guajira,,,0,0,0,0,0,0,False,True,reportado,,https://guajiranews.com/actualidad/13-millones-menos-para-el-narcotrafico-ministerio-de-defensa-destaca-golpe-en-aguas-de-la-guajira/
2026-09-11,EMC,Comandos de la Frontera,Huila,,EJERCITO|POLICIA,0,7,0,0,0,7,False,True,reportado,,https://www.elinformador.com.co/index.php/judiciales/72-judiciales-nacional/298507-capturan-a-siete-integrantes-de-disidencias-de-las-farc-en-huila-y-caqueta
2026-09-11,EMC,Estructura Dagoberto Ramos Ortiz,Cauca,Bello,EJERCITO|POLICIA,0,0,0,0,0,0,False,True,reportado,,https://www.elcolombiano.com/antioquia/decomisan-dos-toneladas-de-marihuana-bello-antioquia-NF40980085
2026-09-11,CLAN_DEL_GOLFO,,,,EJERCITO|POLICIA,0,1,0,0,0,1,False,True,reportado,Cantante,https://caracol.com.co/2026/09/11/capturan-a-el-cantante-cabecilla-del-clan-del-golfo-requerido-con-circular-roja-de-interpol/
2026-09-11,DESCONOCIDO,,,Cali,POLICIA,0,16,0,0,0,16,False,True,reportado,,https://qhubocali.com/judiciales/golpe-en-el-troncal-16-capturados-y-armas-incautadas-durante-operativo-en-cali/
2026-09-11,CLAN_DEL_GOLFO,,Antioquia,,POLICIA,0,0,0,0,0,0,False,True,reportado,,https://www.lanacion.com.co/golpe-al-clan-del-golfo-incautan-bienes-por-12-millones-de-dolares-y-capturan-a-10-personas/
2026-09-11,ELN,,Cauca,,,0,1,0,0,0,1,False,True,reportado,,https://www.infobae.com/america/agencias/2026/09/11/colombia-anuncia-la-captura-de-un-alto-cargo-del-eln-en-una-operacion-en-el-departamento-de-cauca/
2026-09-11,EMBF,Estructura Rodrigo Cadete,Caquetá,Cartagena del Chairá,EJERCITO,0,1,0,0,0,1,False,True,reportado,Tatiana,https://www.diariodelsur.com.co/cayo-alias-tatiana-vinculada-a-extorsiones-y-homicidios-selectivos-en-zonas-urbanas-de-caqueta/
2026-09-11,OTRO_GAO,Estructura Iván Ríos,Nariño,Ricaurte,POLICIA,0,4,0,0,0,4,True,True,confirmado,Ardilla,https://www.ejercito.mil.co/fuerza-publica-capturo-a-cuatro-presuntos-integrantes-de-la-estructura-ivan-rios-en-narino-643825 | https://www.diariodelsur.com.co/capturan-a-cuatro-presuntos-integrantes-de-estructura-armada-en-ricaurte-narino/
2026-09-11,EMC,GAO-r Jaime Martínez,Valle del Cauca,,EJERCITO,1,0,0,0,0,1,True,True,confirmado,Arcadio|Felipe,https://www.ejercito.mil.co/golpe-contundente-ejercito-nacional-afecta-estructura-de-mando-del-gao-r-jaime-martinez-en-el-valle-del-cauca
2026-09-11,OTRO_GAO,,,Algeciras,ARMADA,0,1,0,0,0,1,False,True,corroborado,Duván o Barbas,https://diariolalibertad.com/2026/09/11/armada-incauta-mas-de-media-tonelada-de-clorhidrato-de-cocaina-y-captura-a-un-sujeto-tras-persecucion-costera/ | https://www.eluniversal.com.co/sucesos/2026/09/13/video-asi-culmino-la-persecucion-de-una-lancha-cargada-con-865-kilos-de-estupefacientes/ | https://caracol.com.co/2026/09/11/capturan-en-algeciras-a-alias-duvan-o-barbas-senalado-de-ataques-contra-la-fuerza-publica/
2026-09-10,ELN,,,,,0,1,0,0,0,1,False,True,reportado,el Flaco,https://www.semana.com/politica/articulo/abelardo-de-la-espriella-confirmo-la-captura-de-alias-el-flaco-cabecilla-del-eln-no-van-a-tener-un-minuto-de-tranquilidad/202649/
2026-09-10,DESCONOCIDO,,,,ARMADA,0,3,0,0,0,3,False,True,reportado,,https://co.headtopics.com/news/armada-intercept-embarcaci-n-con-297-kilos-de-droga-en-el-87622708
2026-09-10,ELN,,,,,0,0,0,0,0,0,False,True,reportado,,https://impactonews.co/cayo-senalado-cabecilla-del-eln-que-operaba-en-el-macizo-colombiano-lo-vinculan-con-extorsiones-y-secuestros/
2026-09-10,SEGUNDA_MARQUETALIA,,Caquetá,Cartagena del Chairá,POLICIA,0,1,0,0,0,1,False,True,reportado,Urías Perdomo,https://www.eltiempo.com/justicia/conflicto-y-narcotrafico/cayo-la-companera-sentimental-de-alias-urias-perdomo-en-caqueta-es-senalada-de-pertenecer-a-las-disidencias-de-calarca-3585159
2026-09-10,ELN,,La Guajira,Maicao,ARMADA,0,4,0,0,0,4,False,True,reportado,,https://diariodelnorte.net/judiciales/incautan-297-kilos-de-cocaina-en-aguas-de-la-guajira-y-capturan-a-cuatro-tripulantes/ | https://noticaribe.co/incautan-297-kilos-de-clorhidrato-de-cocaina-en-la-guajira-hubo-cuatro-capturados/ | https://larazon.co/ejercito-capturo-en-flagrancia-a-cuatro-integrantes-del-eln-en-operativo-en-la-guajira/
2026-09-10,DESCONOCIDO,,La Guajira,,ARMADA,0,0,0,0,0,0,False,True,reportado,,https://diariodelnorte.net/judiciales/incautan-297-kilos-de-cocaina-en-aguas-de-la-guajira-y-capturan-a-cuatro-tripulantes/
2026-09-10,CLAN_DEL_GOLFO,,Magdalena,,POLICIA,0,6,0,0,0,6,False,True,reportado,Alambrito|Nariz de Palo,https://www.elinformador.com.co/index.php/judiciales/71-judiciales-local/336391-caen-seis-presuntos-miembros-del-clan-del-golfo-en-el-magdalena
2026-09-10,CLAN_DEL_GOLFO,,Antioquia,suroeste de Antioquia,EJERCITO|POLICIA,0,0,0,0,0,0,False,True,reportado,,https://caracol.com.co/2026/09/10/golpe-al-clan-del-golfo-cuatro-capturados-y-un-arsenal-incautado-en-el-suroeste-de-antioquia/
2026-09-10,OTRO_GAO,Estructura Jhon Linares,Guaviare,San José del Guaviare,EJERCITO,0,0,1,0,0,1,True,True,confirmado,,https://www.ejercito.mil.co/integrante-de-la-estructura-jhon-linares-se-somete-a-la-justicia-en-guaviare
2026-09-10,CLAN_DEL_GOLFO,,Antioquia,,EJERCITO|POLICIA,0,0,0,0,0,0,True,True,confirmado,,https://www.ejercito.mil.co/cuatro-capturados-y-material-de-guerra-incautado-en-operacion-militar-contra-el-clan-del-golfo-en-el-suroeste-antioqueno
2026-09-10,ELN,frente Camilo Torres Restrepo,Cesar,Pailitas,,0,2,0,0,0,2,False,True,corroborado,Leyla|el Loco,https://www.elheraldo.co/colombia/2026/09/10/de-la-espriella-anuncia-la-captura-de-dos-presuntos-integrantes-del-frente-camilo-torres-restrepo-del-eln-en-pailitas-cesar/ | https://www.elinformador.com.co/index.php/judiciales/72-judiciales-nacional/358534-capturan-a-alias-el-loco-y-leyla-senalados-integrantes-del-eln-en-pailitas
2026-09-10,CLAN_DEL_GOLFO,,,,POLICIA,0,10,0,0,0,10,False,True,corroborado,,https://www.infobae.com/america/agencias/2026/09/10/policia-colombiana-detiene-10-miembros-del-clan-del-golfo-e-incauta-12-millones-de-dolares/ | https://periodicoamarillo.com/policia-capturo-a-10-integrantes-del-clan-del-golfo-y-decomiso-bienes-por-12-millones-de-dolares/ | https://www.lanacion.com.co/golpe-al-clan-del-golfo-incautan-bienes-por-12-millones-de-dolares-y-capturan-a-10-personas/
2026-09-10,CLAN_DEL_GOLFO,,Antioquia,suroeste de Antioquia,EJERCITO|POLICIA,0,4,0,0,0,4,False,True,corroborado,,https://caracol.com.co/2026/09/10/golpe-al-clan-del-golfo-cuatro-capturados-y-un-arsenal-incautado-en-el-suroeste-de-antioquia/ | https://www.elcolombiano.com/antioquia/operativo-ejercito-contra-clan-del-golfo-cuatro-detenidos-pueblorrico-antioquia-LK40978452 | https://www.minuto30.com/con-fusiles-explosivos-y-chalecos-cayeron-4-presuntos-integrantes-del-clan-del-golfo-en-pueblorrico/1718725/
2026-09-10,ELN,,Cauca,La Sierra,EJERCITO|POLICIA,0,2,0,0,0,2,False,True,corroborado,El Flaco|Flaco,https://www.elpais.com.co/judicial/golpe-al-eln-en-cauca-capturan-en-operativo-militar-a-alias-el-flaco-y-decomisan-arsenal-1040.html | https://www.minuto30.com/capturan-alias-el-flaco-cauca/1718697/ | https://diariodelcauca.com.co/golpe-a-eln-en-cauca-cayo-alias-el-flaco-vinculado-a-la-extorsion-secuestro-y-reclutamiento/ | https://elfrente.com.co/confirmada-captura-de-cabecilla-del-eln/ | https://extra.com.co/golpe-a-eln-en-cauca-cayo-alias-el-flaco-vinculado-a-la-extorsion-secuestro-y-reclutamiento/ | https://ifmnoticias.com/judicial/ejercito-fuerza-aerea-y-fiscalia-capturaron-a-senalado-cabecilla-del-eln-en-la-vega/ | https://www.elheraldo.co/colombia/2026/09/11/alias-el-flaco-presunto-cabecilla-del-eln-fue-capturado-en-el-macizo-colombiano-cauca/ | https://www.elinformador.com.co/index.php/judiciales/72-judiciales-nacional/358567-golpe-al-eln-en-el-macizo-colombiano-capturan-a-alias-el-flaco | https://www.pulzo.com/nacion/abelardo-espriella-anuncio-nuevo-golpe-eln-capturan-cabecilla-PP5299624 | https://www.bluradio.com/nacion/los-terroristas-no-van-a-tener-tranquilidad-de-la-espriella-tras-captura-de-alias-el-flaco-rg10 | https://www.elcolombiano.com/colombia/eln-ataque-terrorista-estacion-policia-catatumbo-el-carmen-norte-de-santander-EJ40941252 | https://www.lafm.com.co/orden-publico/ejercito-capturo-cabecilla-eln-cauca-410560
2026-09-09,ELN,,,,EJERCITO|POLICIA,0,0,0,0,0,0,False,True,reportado,,https://www.semana.com/nacion/articulo/municion-incautada-en-operacion-militar-era-de-indumil-e-iba-para-el-eln-alias-fabian-fue-capturado/202659/
2026-09-09,ELN,,Norte de Santander,Cúcuta,EJERCITO,0,6,0,0,0,6,False,True,corroborado,,https://www.bluradio.com/regiones/santanderes/seis-capturados-del-eln-en-operativos-del-ejercito-nacional-en-norte-de-santander-rg10
2026-09-09,OTRO_GAO,Estructura Adán Izquierdo,Valle del Cauca,,EJERCITO|POLICIA,0,1,0,0,0,1,True,True,confirmado,Monito,https://www.ejercito.mil.co/capturado-presunto-cabecilla-del-gao-r-estructura-adan-izquierdo-en-el-valle-del-cauca
2026-09-09,ELN,,Caldas,Maicao,POLICIA,0,4,0,0,0,4,True,True,confirmado,Michel|Nicol|Veneco,https://www.policia.gov.co/noticia/golpe-contra-policia-en-caldas-captura-tres-sus-presuntos-integrantes | https://www.minuto30.com/cuatro-capturados-del-eln-en-maicao/1718752/
2026-09-09,CLAN_DEL_GOLFO,,La Guajira,Hatonuevo,POLICIA,0,1,0,0,0,1,False,True,corroborado,Pipancho,https://diariodelnorte.net/judiciales/capturan-en-hatonuevo-a-alias-pipancho-presunto-integrante-del-clan-del-golfo-senalado-de-homicidios-y-extorsiones/ | https://www.guajiragrafica.net/2026/09/09/el-gaula-de-la-policia-nacional-capturo-en-hatonuevo-a-presunto-cabecilla-militar-del-clan-del-golfo-requerido-por-homicidio-agravado/
2026-09-09,ELN,,Cesar,Aguachica,EJERCITO,0,1,0,0,0,1,True,True,confirmado,Fabián|Fabián Yesid Contreras Contreras,https://www.ejercito.mil.co/capturado-alias-fabian-con-abundante-material-de-guerra-destinado-al-eln | https://www.ejercito.mil.co/capturado-alias-fabian-con-abundante-material-de-guerra-destinado-al-eln-643786 | https://laopinion.co/judicial/cae-presunto-integrante-del-eln-que-moveria-material-de-guerra-hacia-el-catatumbo | https://www.elpais.com.co/judicial/capturan-en-aguachica-a-presunto-integrante-del-eln-e-incautan-4950-municiones-de-la-espriella-entrego-detalles-0919.html | https://www.semana.com/nacion/articulo/municion-incautada-en-operacion-militar-era-de-indumil-e-iba-para-el-eln-alias-fabian-fue-capturado/202659/ | https://www.presidencia.gov.co/prensa/Paginas/Fuerza-Publica-golpea-logistica-de-guerra-del-Eln-en-Aguachica-Cesar-260909.aspx
2026-09-09,ELN,,Norte de Santander,Cúcuta,POLICIA,0,2,0,0,0,2,True,True,confirmado,,https://www.ejercito.mil.co/el-gaula-militar-debilita-estructura-del-gao-eln-con-la-captura-de-dos-presuntos-integrantes-en-cucuta | https://caracol.com.co/2026/09/09/capturan-a-dos-presuntos-integrantes-del-eln-en-cucuta/ | https://periodicoamarillo.com/policia-capturo-a-10-integrantes-del-clan-del-golfo-y-decomiso-bienes-por-12-millones-de-dolares/
2026-09-09,CLAN_DEL_GOLFO,subestructura Edgar Madrid Benjumea,Santander,Barrancabermeja,POLICIA,0,1,0,0,0,1,True,True,confirmado,Billete,https://www.policia.gov.co/noticia/policia-captura-alias-billete-presunto-sicario-del-clan-del-golfo-en-magdalena-medio | https://www.bluradio.com/regiones/santanderes/capturan-a-alias-billete-senalado-de-ser-sicario-del-clan-del-golfo-en-el-magdalena-medio-rg10 | https://www.diariodelsur.com.co/policia-captura-a-alias-billete-presunto-sicario-del-clan-del-golfo-en-el-magdalena-medio/
2026-09-08,EMC,,Cauca,,EJERCITO|POLICIA,1,0,0,0,0,1,False,True,reportado,Marlon,https://www.nmas.com.mx/internacional/cae-alias-marlon-mano-derecha-de-ivan-mordisco-de-las-farc-en-operativo-militar-en-colombia/
2026-09-08,OTRO_GAO,Los Orión,,,,0,0,0,0,0,0,False,True,reportado,,https://www.infobae.com/colombia/2026/09/08/abelardo-de-la-espriella-reporto-golpe-contra-los-orion-seis-capturados-y-17000-detonadores-incautados/
2026-09-08,OTRO_GAO,Los Orión,,,,0,6,0,0,0,6,False,True,reportado,,https://www.infobae.com/colombia/2026/09/08/abelardo-de-la-espriella-reporto-golpe-contra-los-orion-seis-capturados-y-17000-detonadores-incautados/
2026-09-08,CLAN_DEL_GOLFO,,Antioquia,Z,EJERCITO|POLICIA,0,1,0,0,0,1,False,True,corroborado,presunto jefe de finanzas,https://www.bluradio.com/judicial/capturan-a-presunto-enlace-del-clan-del-golfo-tendria-nexos-con-narco-uruguayo-sebastian-marset-rg10 | https://www.agenciapi.co/noticia/justicia/presunto-jefe-del-clan-del-golfo-ofrecio-millonaria-suma-para-evitar-su-captura
2026-09-07,EMC,frente Franco Benavides,Nariño,El Peñol,,0,0,0,0,0,0,False,True,reportado,,https://soynuevaprensadigital.com/npd/siete-disidentes-del-emc-mueren-tras-ofensiva-militar-en-el-departamento-de-narino/
2026-09-07,CLAN_DEL_GOLFO,,Córdoba,Cereté,EJERCITO|POLICIA,0,7,0,0,0,7,False,True,reportado,,https://www.chicanoticias.com/2026/09/07/extorsion-capturados-colfo/
2026-09-07,CLAN_DEL_GOLFO,,,Ciéna,EJERCITO,0,1,0,0,0,1,False,True,reportado,8-1|Andresito|El Negro|Pedro,https://www.elinformador.com.co/index.php/judiciales/72-judiciales-nacional/345087-ejercito-nacional-captura-a-presunto-coordinador-de-envios-de-estupefacientes-del-gao-clan-del-golfo-hacia-estados-unidos | https://www.elinformador.com.co/index.php/judiciales/71-judiciales-local/277098-capturaron-a-alias-pedro-u-8-1-del-clan-de-golfo-el-terror-de-la-sierra-nevada
2026-09-07,ELN,Frente de Guerra Urbano,Norte de Santander,Cúcuta,POLICIA,0,4,0,0,0,4,False,True,reportado,"Deicy Jiménez, alias el Taxista|Emiliannys Álvarez, alias Yesmar|Ronny Contreras, alias el Menor|Yohanderson Marín, alias Yohan",https://laopinion.co/judicial/hasta-100-millones-mensuales-en-extorsiones-desmantelan-red-de-apoyo-al-terrorismo-del-eln
2026-09-07,OTRO_GAO,,,Galapa,ARMADA,0,1,0,0,0,1,False,True,corroborado,Los Costeños,https://co.headtopics.com/news/incautan-91-kilos-de-coca-na-que-ser-an-de-los-costenos-87493588 | https://www.elheraldo.co/judicial/2026/09/07/incautan-91-kilos-de-cocaina-que-serian-de-los-costenos-en-galapa/ | https://www.eluniversal.com.co/sucesos/2026/09/06/duro-golpe-al-narcotrafico-en-el-atlantico-armada-incauto-913-kilos-de-cocaina/
2026-09-06,EMC,frente Franco Benavides,Nariño,El Peñol,EJERCITO|POLICIA,0,0,0,0,0,0,False,True,reportado,,https://www.eltiempo.com/colombia/otras-ciudades/golpe-contundente-en-el-penol-abatidos-siete-miembros-de-las-disidencias-de-las-farc-y-cinco-mas-fueron-capturados-en-narino-3583960
2026-09-06,DESCONOCIDO,frente 'Franco Benavides',Nariño,El Peñol,EJERCITO|POLICIA,0,0,0,0,0,0,False,True,reportado,,https://ifmnoticias.com/judicial/operativo-militar-en-narino-siete-disidentes-abatidos-y-material-de-guerra-incautado/
2026-09-06,EMC,,Nariño,,,0,0,0,0,0,0,False,True,reportado,,https://diariolalibertad.com/2026/09/06/mueren-siete-presuntos-disidentes-en-operacion-militar-en-narino/
2026-09-06,EMC,,Putumayo,Puerto Asís,POLICIA,0,1,0,0,0,1,False,True,reportado,Alejo,https://www.bluradio.com/nacion/orden-publico/capturado-en-putumayo-alias-alejo-requerido-por-ecuador-por-secuestro-extorsivo-rg10
2026-09-06,ELN,Frente Domingo Laín Sáenz,Arauca,Arauca,EJERCITO|POLICIA,0,5,0,0,0,5,False,True,reportado,,https://www.lafm.com.co/orden-publico/guerrilleros-eln-capturados-arauca-colombia-ejercito-nacional-410057
2026-09-06,EMC,frente Franco Benavides,Nariño,El Peñol,EJERCITO|POLICIA,0,0,0,0,0,0,False,True,reportado,,https://laopinion.co/colombia/presidente-de-la-espriella-revela-fuerte-golpe-contra-las-disidencias-de-las-farc
2026-09-06,OTRO_GAO,,Valle del Cauca,Cartago,POLICIA,0,3,0,0,0,3,False,True,reportado,Los Flacos,https://caracol.com.co/2026/09/06/policia-valle-captura-a-tres-presuntos-integrantes-de-los-flacos-en-cartago/
2026-09-06,EMC,frente Franco Benavides,Nariño,El Peñol,EJERCITO|POLICIA,0,0,0,0,0,0,False,True,corroborado,,https://www.bluradio.com/regiones/pacifico/siete-guerrilleros-abatidos-en-operativo-militar-en-el-penol-narino-rg10 | https://www.elcolombiano.com/colombia/operacion-militar-narino-7-disidentes-farc-muertos-5-capturados-AC40713175
2026-09-06,EMC,frente Franco Benavides,Nariño,El Peñol,EJERCITO|POLICIA,0,5,0,0,0,5,True,True,corroborado,Ardilla,https://www.elcolombiano.com/colombia/operacion-militar-narino-7-disidentes-farc-muertos-5-capturados-AC40713175 | https://www.eltiempo.com/colombia/otras-ciudades/golpe-contundente-en-el-penol-abatidos-siete-miembros-de-las-disidencias-de-las-farc-y-cinco-mas-fueron-capturados-en-narino-3583960 | https://www.noticiascaracol.com/colombia/operacion-militar-en-el-penol-narino-deja-siete-disidentes-de-las-farc-muertos-y-cinco-capturados-cb20 | https://laopinion.co/colombia/presidente-de-la-espriella-revela-fuerte-golpe-contra-las-disidencias-de-las-farc | https://www.diariodelsur.com.co/operacion-militar-en-narino-deja-siete-disidentes-muertos-y-cinco-capturados/ | https://nacionhuilense.com/siete-presuntos-disidentes-murieron-en-operativo-en-narino/ | https://www.semana.com/politica/articulo/de-la-espriella-informo-sobre-ultimos-operativos-militares-siete-disidentes-de-las-farc-murieron-y-otros-cinco-fueron-capturados-en-narino/202624/ | https://co.headtopics.com/news/golpe-contundente-en-el-penol-abatidos-siete-miembros-de-87465595 | https://diarioriente.com/nacional/operativo-militar-en-n.html | https://larazon.co/abatidos-a-siete-disidentes-de-las-farc-en-narino-y-otros-cinco-capturados-tras-operativo-militar/ | https://soynuevaprensadigital.com/npd/siete-disidentes-del-emc-mueren-tras-ofensiva-militar-en-el-departamento-de-narino/ | https://www.elinformador.com.co/index.php/judiciales/72-judiciales-nacional/358316-golpe-a-las-disidencias-siete-muertos-y-cinco-capturados-en-narino | https://www.ejercito.mil.co/fuerza-publica-capturo-a-cuatro-presuntos-integrantes-de-la-estructura-ivan-rios-en-narino | https://caracol.com.co/2026/09/03/cuatro-presuntos-integrantes-de-la-estructura-ivan-rios-capturados-en-ricaurte-narino/ | https://www.diariodelsur.com.co/golpe-contundente-en-ricaurte-caen-4-presuntos-disidentes-de-las-farc-entre-ellos-alias-ardilla/ | https://x.com/FuerzasMilCol/status/2095531191088607690 | https://www.diariodelsur.com.co/abatidos-en-el-penol-7-integrantes-de-disidencias-de-las-farc-5-capturados/ | https://www.hsbnoticias.com/abatidos-en-el-penol-7-integrantes-de-disidencias-de-las-farc-5-capturados/ | https://www.elheraldo.co/colombia/2026/09/06/de-la-espriella-reporta-que-en-las-ultimas-24-horas-7-narcoterroristas-de-las-farc-murieron-en-combate-en-el-penol-narino/
2026-09-06,EMC,,Nariño,El Peñol,EJERCITO|POLICIA,7,0,0,0,0,7,False,True,corroborado,Iván Mordisco|Juank,https://www.bluradio.com/regiones/pacifico/siete-guerrilleros-abatidos-en-operativo-militar-en-el-penol-narino-rg10 | https://www.elcolombiano.com/colombia/operacion-militar-narino-7-disidentes-farc-muertos-5-capturados-AC40713175 | https://www.eltiempo.com/colombia/otras-ciudades/golpe-contundente-en-el-penol-abatidos-siete-miembros-de-las-disidencias-de-las-farc-y-cinco-mas-fueron-capturados-en-narino-3583960 | https://www.lafm.com.co/orden-publico/siete-criminales-abatidos-y-doce-heridos-en-narino-410055 | https://www.noticiascaracol.com/colombia/operacion-militar-en-el-penol-narino-deja-siete-disidentes-de-las-farc-muertos-y-cinco-capturados-cb20 | https://www.semana.com/politica/articulo/de-la-espriella-informo-sobre-ultimos-operativos-militares-siete-disidentes-de-las-farc-murieron-y-otros-cinco-fueron-capturados-en-narino/202624/ | https://laopinion.co/colombia/presidente-de-la-espriella-revela-fuerte-golpe-contra-las-disidencias-de-las-farc | https://www.diariodelsur.com.co/operacion-militar-en-narino-deja-siete-disidentes-muertos-y-cinco-capturados/ | https://co.headtopics.com/news/golpe-contundente-en-el-penol-abatidos-siete-miembros-de-87465595 | https://diarioriente.com/nacional/operativo-militar-en-n.html | https://ifmnoticias.com/judicial/operativo-militar-en-narino-siete-disidentes-abatidos-y-material-de-guerra-incautado/ | https://larazon.co/abatidos-a-siete-disidentes-de-las-farc-en-narino-y-otros-cinco-capturados-tras-operativo-militar/ | https://nacionhuilense.com/siete-presuntos-disidentes-murieron-en-operativo-en-narino/ | https://soynuevaprensadigital.com/npd/siete-disidentes-del-emc-mueren-tras-ofensiva-militar-en-el-departamento-de-narino/ | https://www.elheraldo.co/colombia/2026/09/06/de-la-espriella-reporta-que-en-las-ultimas-24-horas-7-narcoterroristas-de-las-farc-murieron-en-combate-en-el-penol-narino/ | https://www.elinformador.com.co/index.php/judiciales/72-judiciales-nacional/358316-golpe-a-las-disidencias-siete-muertos-y-cinco-capturados-en-narino | https://www.elnuevosiglo.com.co/nacion/fuerza-publica-asesta-otro-golpe-grupos-armados-ahora-en-narino-disidencias-de-mordisco | https://www.publimetro.co/noticias/2026/09/06/de-la-espriella-reporto-siete-disidentes-muertos-en-narino-y-lanzo-dura-advertencia-no-nos-van-a-doblegar/ | https://www.infobae.com/america/agencias/2026/09/06/siete-miembros-de-las-disidencias-de-las-farc-mueren-en-operaciones-militares-en-colombia/ | https://www.dw.com/es/siete-armados-mueren-en-operaciones-militares-en-colombia/a-79107407 | https://www.diariodelsur.com.co/abatidos-en-el-penol-7-integrantes-de-disidencias-de-las-farc-5-capturados/ | https://www.hsbnoticias.com/abatidos-en-el-penol-7-integrantes-de-disidencias-de-las-farc-5-capturados/ | https://www.elespectador.com/judicial/mueren-siete-presuntos-disidentes-de-las-farc-de-mordisco-en-operacion-militar-en-narino/ | https://diariolalibertad.com/2026/09/06/mueren-siete-presuntos-disidentes-en-operacion-militar-en-narino/ | https://co.headtopics.com/news/golpe-del-ejercito-a-disidencias-de-iv-n-mordisco-en-87485788
2026-09-05,CLAN_DEL_GOLFO,,,,EJERCITO,0,0,0,0,0,0,False,True,reportado,,https://www.elinformador.com.co/index.php/judiciales/72-judiciales-nacional/331288-golpe-contundente-al-clan-del-golfo
2026-09-05,CLAN_DEL_GOLFO,,,,EJERCITO,0,3,0,0,0,3,False,True,reportado,,https://www.elinformador.com.co/index.php/judiciales/72-judiciales-nacional/331288-golpe-contundente-al-clan-del-golfo
2026-09-05,DESCONOCIDO,,Antioquia,Bello,EJERCITO|POLICIA,0,4,0,0,0,4,False,True,reportado,,https://www.elcolombiano.com/antioquia/capturados-bello-armas-fuego-niquia-huyeron-quebrada-ML40699151
2026-09-05,DESCONOCIDO,,,,EJERCITO|POLICIA,0,0,0,0,0,0,False,True,reportado,,https://www.elcolombiano.com/colombia/fuerza-publica-24-capturas-cocaina-narcotrafico-abelardo-de-la-espriella-IL40697384
2026-09-05,DESCONOCIDO,,,,EJERCITO|POLICIA,0,0,1,0,0,1,False,True,reportado,,https://www.elcolombiano.com/colombia/fuerza-publica-24-capturas-cocaina-narcotrafico-abelardo-de-la-espriella-IL40697384
2026-09-05,DESCONOCIDO,,,,EJERCITO|POLICIA,0,24,0,0,0,24,False,False,descartado,,https://www.elcolombiano.com/colombia/fuerza-publica-24-capturas-cocaina-narcotrafico-abelardo-de-la-espriella-IL40697384
2026-09-05,DESCONOCIDO,,,,EJERCITO|POLICIA,1,0,0,0,0,1,False,True,reportado,,https://www.elcolombiano.com/colombia/fuerza-publica-24-capturas-cocaina-narcotrafico-abelardo-de-la-espriella-IL40697384
2026-09-05,DESCONOCIDO,,,,EJERCITO|POLICIA,0,0,0,0,0,0,False,True,corroborado,,https://www.elcolombiano.com/colombia/fuerza-publica-24-capturas-cocaina-narcotrafico-abelardo-de-la-espriella-IL40697384 | https://laopinion.co/colombia/presidente-de-la-espriella-revela-fuerte-golpe-contra-las-disidencias-de-las-farc
2026-09-05,EMC,Frente Primero,Guaviare,San José del Guaviare,EJERCITO,0,0,1,0,0,1,True,True,confirmado,,https://www.cgfm.mil.co/es/multimedia/noticias/ejercito-nacional-logra-sometimiento-de-integrante-del-frente-primero-de-las | https://www.ejercito.mil.co/ejercito-nacional-logra-sometimiento-de-integrante-del-frente-primero-de-las-farc-ep-en-san-jose-del-guaviare
2026-09-04,OTRO_GAO,,La Guajira,Riohacha,EJERCITO|POLICIA,4,0,0,0,0,4,False,True,reportado,Bendito Menor|La Bebecita|Naín|Naín Andrés Pérez Toncel,https://www.noticiasrcn.com/colombia/detalles-de-operacion-en-la-que-asesinaron-a-alias-nain-1057536 | https://www.diariodelsur.com.co/abatido-alias-bendito-menor-en-la-guajira/ | https://www.infobae.com/colombia/2026/09/05/por-golpes-contra-la-criminalidad-en-el-pais-abelardo-de-la-espriella-anuncio-que-condecorara-a-miembros-de-las-ff-mm-y-la-policia-heroes-de-la-patria/ | https://www.elcolombiano.com/colombia/la-bebecita-preacuerdo-con-fiscalia-horas-antes-de-morir-parje-bendito-menor-DC40711442 | https://laopinion.co/colombia/dudas-rodean-operativo-en-el-que-murio-alias-bendito-menor-y-otras-tres-personas
2026-09-04,DESCONOCIDO,,,,EJERCITO|POLICIA,0,2,0,0,0,2,False,True,reportado,,https://www.eluniversal.com.co/sucesos/2026/09/04/golpe-al-narcotrafico-incautan-736-kilos-de-droga-en-una-lancha-dos-capturados/
2026-09-04,CLAN_DEL_GOLFO,,Antioquia,Remedios,POLICIA,0,1,0,0,0,1,False,True,reportado,El Gato,https://www.elinformador.com.co/index.php/general/79-nacional/340031-capturan-a-alias-el-gato-presunto-cabecilla-del-clan-del-golfo
2026-09-04,OTRO_GAO,El Mesa,,La Ceja,POLICIA,0,21,0,0,0,21,False,True,reportado,,https://www.minuto30.com/policia-nacional-captura-a-21-integrantes-de-el-mesa-y-realiza-18-diligencias-de-allanamiento-en-la-ceja/1717962/
2026-09-04,ELN,Frente de Guerra Nororiental,Santander,Charta,EJERCITO,0,0,0,0,0,0,True,True,confirmado,,https://x.com/mindefensa/status/2095693032586658116
2026-09-04,ELN,Frente de Guerra Nororiental,Norte de Santander,Ocaña,POLICIA,0,1,0,0,0,1,False,True,corroborado,Dairo Ferizzola Rojas|Firu|Firulais,https://www.bluradio.com/nacion/presidente-de-la-espriella-confirma-captura-de-alias-firu-francotirador-del-eln-rs15 | https://www.elcolombiano.com/colombia/capturan-francotirador-eln-alias-firu-FL40690401 | https://www.elcolombiano.com/colombia/capturan-francotirador-eln-atentado-de-la-espriella-firu-FL40690401 | https://laopinion.co/judicial/alias-firulais-senalado-de-planear-atentado-contra-de-la-espriella-fue-capturado-en-ocana | https://www.diariodelsur.com.co/asi-fue-la-captura-de-firu-senalado-francotirador-del-eln-acusado-de-planear-un-atentado-presidencial/ | https://www.elcolombiano.com/colombia/dos-ataques-policia-norte-santander-tres-dias-presuntos-responsables-eln-guamalito-FM40804032 | https://www.elcolombiano.com/colombia/eln-ataque-terrorista-estacion-policia-catatumbo-el-carmen-norte-de-santander-EJ40941252 | https://www.eltiempo.com/justicia/conflicto-y-narcotrafico/el-rastro-que-llevo-hasta-firulais-el-francotirador-del-eln-senalado-de-asesinar-a-tres-policias-y-de-planear-un-atentado-contra-de-la-espriella-3583776
2026-09-04,CLAN_DEL_GOLFO,,La Guajira,Riohacha,POLICIA,4,0,0,0,0,4,True,True,corroborado,Bendito Menor|Casiloco|La Bebecita|La Bebesita|NN|Naím|Naín|Naín Andrés Pérez Toncel|Rosa Angélica Tarazona|el Bendito Menor|el Tío,https://www.bluradio.com/nacion/perfil-criminal-de-alias-bendito-menor-cabecilla-de-las-acs-abatido-en-operativo-en-la-guajira-so35 | https://www.bluradio.com/nacion/presidente-de-la-espriella-confirma-la-muerte-de-alias-bendito-menor-en-operativo-en-riohacha-pr30 | https://www.elcolombiano.com/colombia/bendito-menor-no-seguira-delinquiendo-cayo-mano-hierro-abelardo-de-la-espriella-IE40661768 | https://laopinion.co/colombia/dejenme-ver-el-cuerpo-hermana-de-bendito-menor-tras-el-operativo-en-riohacha | https://laopinion.co/colombia/el-crimen-se-va-arrodillar-de-la-espriella-tras-caida-de-bendito-menor | https://laopinion.co/colombia/que-impidio-capturar-bendito-menor-en-el-gobierno-petro-general-r-responde | https://laopinion.co/entretenimiento/westcol-cuestiono-petro-por-sus-dudas-sobre-el-operativo-contra-bendito-menor | https://qhubocali.com/judiciales/se-acabo-la-carrera-de-bendito-menor-el-temido-cabecilla-cayo-en-operativo-en-la-guajira/ | https://www.diariodelsur.com.co/alias-bendito-menor-murio-durante-operativo-en-riohacha/ | https://www.diariodelsur.com.co/la-ultima-noche-de-bendito-menor-el-operativo-sorpresa-que-termino-con-cuatro-muertos-en-riohacha/ | https://canaltropical.co/2026/09/04/operativo-en-riohacha-deja-abatido-a-alias-bendito-menor-senalado-cabecilla-de-las-acsn/ | https://gordosdefensa.com/neutralizacion-bendito-menor-acsn-guajira/ | https://www.elcolombiano.com/colombia/video-bendito-menor-propuso-matrimonio-la-bebecita-antes-abatido-la-guajira-IL40690787 | https://www.eltiempo.com/justicia/conflicto-y-narcotrafico/alias-bendito-menor-el-poderoso-jefe-de-las-acsn-se-convierte-en-el-primer-objetivo-de-alto-valor-abatido-en-el-gobierno-de-de-la-espriella-3583492 | https://www.infobae.com/colombia/2026/09/05/gobierno-de-abelardo-de-la-espriella-confirmo-que-pasara-con-la-recompensa-que-habia-por-bendito-menor-luego-que-fuera-abatido/ | https://laopinion.co/actualidad/asi-fue-el-ostentoso-y-armado-funeral-con-el-que-despidieron-alias-bendito-menor-en-la | https://laopinion.co/sucesos/de-sicario-jefe-criminal-en-la-guajira-el-perfil-de-alias-bendito-menor | https://elexpreso.co/hoy/ejercito-y-policia-neutralizan-a-alias-bendito-menor-cabecilla-del-grupo-armado-acsn/ | https://www.vanguardia.com/colombia/2026/09/04/desde-riohacha-de-la-espriella-entrega-el-reporte-sobre-la-muerte-de-bendito-menor/ | https://x.com/mindefensa/status/2095878980834357395 | https://www.infobae.com/colombia/2026/09/04/autodefensas-conquistadoras-se-pronunciaron-sobre-la-muerte-del-cabecilla-bendito-menor-y-su-novia-la-bebecita-aseguraron-que-no-habra-represalias/ | https://laopinion.co/colombia/los-lobos-el-comando-de-la-policia-que-termino-con-bendito-menor-y-la-bebecita | https://laopinion.co/colombia/medicina-legal-nego-autoria-de-imagenes-del-cadaver-de-bendito-menor-en-redes | https://elnorte.com.co/abatido-alias-bendito-menor-pareja-la-bebecita-operativo-la-guajira/ | https://www.diariorepublica.com/sucesos/caen-alias-bendito-menor-y-tres-acompanantes-en-operativo-en-riohacha | https://www.elheraldo.co/colombia/2026/09/05/oficial-de-inteligencia-revelo-detalles-del-operativo-en-que-murio-bendito-menor-y-la-bebecita-en-riohacha/ | https://www.lanacion.com.co/de-la-espriella-consigue-neutralizar-objetivo-de-alto-valor-en-el-primer-mes-de-su-mandato/ | https://www.bluradio.com/regiones/caribe/alias-nain-habria-sido-dado-de-baja-junto-a-la-bebesita-en-operativo-policial-en-la-guajira-rg10 | https://www.elcolombiano.com/colombia/alias-bendito-menor-asesinado-operativo-guajira-BH40657152 | https://www.infobae.com/colombia/2026/09/04/ejercito-confirmo-que-si-dieron-de-baja-a-bendito-menor-presidente-abelardo-de-la-espriella-ya-esta-en-la-guajira-para-dar-nuevos-detalles/ | https://laopinion.co/sucesos/alias-bendito-menor-y-la-bebecita-habrian-sido-abatidos-en-operativo-de-la-policia-en-la | https://laopinion.co/sucesos/confirmado-alias-bendito-menor-y-la-bebecita-fueron-abatidos-en-operativo-de-la-policia-en | https://www.bluradio.com/nacion/primeras-imagenes-tras-operativo-en-el-que-murio-alias-bendito-menor-so35 | https://www.elcolombiano.com/colombia/quien-era-la-bebecita-rosa-angelica-tarazona-pareja-bendito-menor-abatida-con-el-LF40670568 | https://www.elcolombiano.com/colombia/quienes-son-los-lobos-comando-especial-golpe-bendito-menor-BK40682377 | https://laopinion.co/sucesos/quien-era-la-bebecita-la-pareja-de-bendito-menor-que-fue-abatida-con-el | https://www.elcolombiano.com/colombia/recompensa-1000-millones-bendito-menor-abatido-riohacha-la-guajira-IL40699265 | https://meridiano70.co/2026/09/04/alias-bendito-menor-abatido-riohacha/ | https://lavibrante.com/asi-fue-el-operativo-que-termino-con-la-muerte-de-alias-bendito-menor-en-riohacha/ | https://www.pulzo.com/nacion/operativo-en-riohacha-muerte-de-bendito-menor-desata-polemica-por-criticas-de-petro-PP5294362A | https://www.elcolombiano.com/colombia/advertencia-de-la-espriella-grupos-criminales-funeral-bendito-menor-AB40728594 | https://www.pares.com.co/bendito-menor-y-la-expresion-de-la-gobernanza-criminal-armada-de-las-acsn-en-el-caribe/ | https://www.rtanoticias.com/los-lobos-abatieron-a-bendito-menor/ | https://www.lafm.com.co/orden-publico/autoridades-abatieron-a-alias-nain-409885 | https://www.lafm.com.co/orden-publico/quien-era-alias-nain-abatido-en-la-guajira-este-viernes-4-de-septiembre-de-2026-409888 | https://www.noticiasrcn.com/colombia/dieron-de-baja-a-alias-naim-y-a-su-pareja-la-bebecita-en-un-operativo-en-la-guajira-1057497 | https://www.semana.com/nacion/articulo/asi-fue-la-carrera-criminal-de-alias-bendito-menor-el-cabecilla-de-los-conquistadores-de-la-sierra-abatido-por-la-policia/202630/ | https://www.minuto30.com/fin-de-la-persecucion-abatido-alias-bendito-menor-y-su-pareja-en-operativo-de-la-policia-horas-despues-de-desmentir-su-muerte/1717954/ | https://www.elcolombiano.com/colombia/bendito-menor-entierro-riohacha-la-guajira-autodefensas-IA40737690 | https://www.elcolombiano.com/colombia/medicina-legal-identifica-cuerpos-bendito-menor-y-la-bebecita-FL40698836 | https://www.elcolombiano.com/colombia/abelardo-de-la-espriella-descongelo-fuerzas-militares-mes-tumbo-paz-total-MB40722248 | https://telenoticiero.com.do/alias-bendito-menor-jefe-militar-muere-durante-operativo-de-la-policia-en-colombia/ | https://www.elcolombiano.com/colombia/bendito-menor-por-que-fue-despedido-como-una-celebridad-criminal-CL40782167 | https://www.elcolombiano.com/colombia/bendito-menor-video-mansion-donde-fue-abatido-riohacha-la-guajira-JF40678331 | https://www.elcolombiano.com/colombia/quien-es-esposa-marco-rubio-hija-inmigrantes-colombianos-AN40813715 | https://laopinion.co/mundo/quien-es-la-esposa-de-marco-rubio-tiene-raices-colombianas-y-lo-acompano-en-su-visita-al-pais | https://www.elcolombiano.com/colombia/cadaver-bendito-menor-medicina-legal-niega-autoria-imagenes-NP40839949 | https://www.elcolombiano.com/colombia/cuerpos-bendito-menor-la-bebecita-medicina-legal-barranquilla-KK40684385 | https://x.com/ABDELAESPRIELLA/status/2095876228729213126 | https://www.agenciapi.co/noticia/regiones/detalles-desconocidos-de-la-operacion-en-la-que-cayo-alias-bendito-menor | https://www.elcolombiano.com/colombia/mansion-bendito-menor-reunion-cabecillas-la-guajira-EC40717524 | https://www.elcolombiano.com/colombia/vida-bendito-menor-antes-de-ser-abatido-policia-AE40662064 | https://www.elcolombiano.com/colombia/bendito-menor-primer-objetivo-militar-muerto-abelardo-espriella-guajira-FE40660544 | https://proclamadelpacifico.com/exclusivo-estasson-las-imagenes-de-bendito-menor-y-la-bebecita/ | https://lavozdelcinaruco.com/murio-alias-bendito-menor-cabecilla-de-las-acsn-en-operacion-del-ejercito-y-policia/ | https://www.lafm.com.co/orden-publico/muerte-alias-nain-cronologia-detalles-operativo-hoy-4-septiembre-409905 | https://www.elcolombiano.com/colombia/bendito-menor-muerto-riohacha-operativo-acsn-bebecita-ME40665797 | https://www.lafm.com.co/orden-publico/alias-nain-bendito-menor-cabecillas-abatidos-guajira-409935 | https://laopinion.co/colombia/trasladan-barranquilla-los-cuerpos-de-alias-bendito-menor-y-la-bebecita | https://www.eluniversal.com.co/sucesos/2026/09/04/las-imagenes-que-dejo-el-operativo-en-el-que-fueron-abatidos-bendito-menor-y-la-bebesita/ | https://guajiranews.com/destacadas/desde-riohacha-y-acompanado-de-la-cupula-militar-presidente-de-la-espriella-confirmo-el-abatimiento-de-alias-nain-la-bebesita-y-sus-dos-escoltas-en-operacion-de-la-dijin/ | https://www.infobae.com/colombia/2026/09/05/cuerpo-de-bendito-menor-fue-entregado-a-sus-familiares-en-riohacha-asi-fue-el-sepelio-del-lider-criminal/
2026-09-03,OTRO_GAO,,Caldas,Manizales,POLICIA,0,2,0,0,0,2,True,True,confirmado,Richard José Espinal Quintero,https://x.com/ABDELAESPRIELLA/status/2095596713151197693
2026-09-03,EMBF,Comisión Rodrigo Cadete,Bogotá D.C.,Bogotá,POLICIA,0,1,0,0,0,1,True,True,confirmado,Brayan,https://x.com/mindefensa/status/2095343417186218435
2026-09-03,CLAN_DEL_GOLFO,subestructura Leónidas de la Rosa Vásquez,Chocó,Quibdó,EJERCITO|POLICIA,0,0,1,0,0,1,True,True,confirmado,,https://www.ejercito.mil.co/integrante-del-clan-del-golfo-se-somete-a-la-justicia-tras-operacion-militar-en-quibdo-choco | https://x.com/FuerzasMilCol/status/2095329984470483363
2026-09-02,CLAN_DEL_GOLFO,,,Zaragoza,EJERCITO,0,0,0,0,0,0,False,True,reportado,,https://h13n.com/zaragoza-clan-del-golfo/
2026-09-02,ELN,Frente Carolina Ramírez,,,EJERCITO|POLICIA,0,3,0,0,0,3,False,True,reportado,,https://www.elcolombiano.com/colombia/tres-bombardeos-gobierno-abelardo-muertos-operaciones-eln-disidencias-resultados-CB40507225
2026-09-02,ELN,Frente Carolina Ramírez,,,EJERCITO|POLICIA,20,0,0,0,0,20,False,True,reportado,Pintado|Tigre,https://www.elcolombiano.com/colombia/tres-bombardeos-gobierno-abelardo-muertos-operaciones-eln-disidencias-resultados-CB40507225
2026-09-02,SEGUNDA_MARQUETALIA,,Tolima,Ataco,EJERCITO|POLICIA,0,4,0,0,0,4,False,True,reportado,,https://www.elnuevodia.com.co/judicial/cayeron-disidentes-de-las-farc-que-operaban-en-el-tolima-539212
2026-09-02,CLAN_DEL_GOLFO,,Antioquia,Zaragoza,EJERCITO,0,0,0,0,0,0,False,True,reportado,,https://www.eltiempo.com/politica/abelardo-de-la-espriella/golpe-al-clan-del-golfo-en-antioquia-el-ejercito-capturo-a-alias-80-incauto-armas-y-explosivos-y-desmantelo-una-central-de-comunicaciones-3582864
2026-09-02,OTRO_GAO,frente Car,Guaviare,Miraflores,EJERCITO|POLICIA,1,0,0,0,0,1,False,True,reportado,Pintado|Tigre,https://www.ntn24.com/noticias-actualidad/asi-fue-el-operativo-militar-ordenado-por-el-presidente-abelardo-de-la-espriella-en-el-que-fue-abatido-alias-tigre-646968
2026-09-02,EMC,,,Miraflores,EJERCITO|POLICIA,0,6,0,0,0,6,False,True,reportado,,https://www.eltiempo.com/justicia/conflicto-y-narcotrafico/por-que-la-operacion-de-bombardeo-contra-ivan-mordisco-en-guaviare-supone-el-mayor-golpe-contra-un-grupo-armado-en-11-anos-3582986
2026-09-02,EMC,Frente Carolina Ramírez,,,EJERCITO|POLICIA,0,0,0,0,0,0,False,True,reportado,,https://www.elcolombiano.com/colombia/abelardo-de-la-espriella-regano-alcaldes-consejo-seguridad-cucuta-HH40569592
2026-09-02,OTRO_GAO,,,,POLICIA,0,18,0,0,0,18,True,True,confirmado,Los de Afrika,https://x.com/mindefensa/status/2094977232624079202
2026-09-02,DESCONOCIDO,,,,,0,8,0,0,0,8,True,True,confirmado,,https://x.com/FuerzasMilCol/status/2094956724679758153
2026-09-02,CLAN_DEL_GOLFO,Subestructura Manuel Alexander Ariza Rosario,Antioquia,Zaragoza,EJERCITO,0,0,0,0,0,0,True,True,confirmado,,https://www.cgfm.mil.co/es/multimedia/noticias/ofensiva-de-la-septima-division-contra-el-clan-del-golfo-en-zaragoza-antioquia
2026-09-02,DESCONOCIDO,,Antioquia,Bello,EJERCITO|POLICIA,0,0,0,0,0,0,True,True,confirmado,,https://x.com/ABDELAESPRIELLA/status/2094862895834386562 | https://x.com/FuerzasMilCol/status/2095237720930930719
2026-09-02,CLAN_DEL_GOLFO,,,,,1,0,0,0,0,1,True,True,confirmado,,https://www.ntn24.com/noticias-actualidad/18-capturas-7-sometimientos-a-la-justicia-4-menores-recuperados-y-un-integrante-del-clan-del-golfo-muerto-el-balance-de-abelardo-de-la-espriella-en-24-horas-646873 | https://x.com/ABDELAESPRIELLA/status/2095111741411655956
2026-09-02,CLAN_DEL_GOLFO,,,,,0,0,7,0,0,7,True,True,confirmado,,https://www.ntn24.com/noticias-actualidad/18-capturas-7-sometimientos-a-la-justicia-4-menores-recuperados-y-un-integrante-del-clan-del-golfo-muerto-el-balance-de-abelardo-de-la-espriella-en-24-horas-646873 | https://x.com/ABDELAESPRIELLA/status/2095111741411655956
2026-09-02,CLAN_DEL_GOLFO,,,,,0,18,0,0,0,18,True,True,confirmado,,https://www.ntn24.com/noticias-actualidad/18-capturas-7-sometimientos-a-la-justicia-4-menores-recuperados-y-un-integrante-del-clan-del-golfo-muerto-el-balance-de-abelardo-de-la-espriella-en-24-horas-646873 | https://x.com/ABDELAESPRIELLA/status/2095111741411655956
2026-09-02,CLAN_DEL_GOLFO,,Antioquia,Zaragoza,EJERCITO|POLICIA,0,0,1,0,0,1,True,True,confirmado,,https://www.bluradio.com/regiones/antioquia/golpe-contra-el-clan-del-golfo-en-antioquia-capturan-a-dos-personas-y-un-joven-fue-recuperado-rg10 | https://h13n.com/zaragoza-clan-del-golfo/ | https://x.com/ABDELAESPRIELLA/status/2094984476682015086 | https://x.com/FuerzasMilCol/status/2095208117210329297 | https://x.com/mindefensa/status/2095151963344093563 | https://www.cgfm.mil.co/es/multimedia/noticias/ofensiva-de-la-septima-division-contra-el-clan-del-golfo-en-zaragoza-antioquia | https://www.ejercito.mil.co/ofensiva-de-la-septima-division-contra-el-clan-del-golfo-en-zaragoza-antioquia-deja-como-resultado-la-recuperacion-de-un-menor-dos-capturas-y-un-sometido | https://www.ejercito.mil.co/ofensiva-de-la-septima-division-contra-el-clan-del-golfo-en-zaragoza-antioquia-deja-como-resultado-la-recuperacion-de-un-menor-dos-capturas-y-un-sometido-643673
2026-09-02,CLAN_DEL_GOLFO,Subestructura Manuel Alexander Ariza Rosario,Antioquia,Zaragoza,EJERCITO,0,0,0,0,0,0,True,True,confirmado,,https://www.cgfm.mil.co/es/multimedia/noticias/ofensiva-de-la-septima-division-contra-el-clan-del-golfo-en-zaragoza-antioquia | https://www.ejercito.mil.co/ofensiva-de-la-septima-division-contra-el-clan-del-golfo-en-zaragoza-antioquia-deja-como-resultado-la-recuperacion-de-un-menor-dos-capturas-y-un-sometido | https://www.ejercito.mil.co/ofensiva-de-la-septima-division-contra-el-clan-del-golfo-en-zaragoza-antioquia-deja-como-resultado-la-recuperacion-de-un-menor-dos-capturas-y-un-sometido-643673 | https://www.eltiempo.com/justicia/conflicto-y-narcotrafico/la-central-de-comunicaciones-y-el-arsenal-incautados-al-clan-del-golfo-durante-una-operacion-en-zaragoza-antioquia-3582919 | https://724noticias.com.co/2026/09/02/ofensiva-militar-clan-del-golfo-zaragoza-capturas-armas-explosivos/
2026-09-02,CLAN_DEL_GOLFO,Subestructura Manuel Alexander Ariza Rosario,Antioquia,Zaragoza,EJERCITO,0,2,0,0,0,2,True,True,confirmado,80,https://www.cgfm.mil.co/es/multimedia/noticias/ofensiva-de-la-septima-division-contra-el-clan-del-golfo-en-zaragoza-antioquia | https://www.ejercito.mil.co/ofensiva-de-la-septima-division-contra-el-clan-del-golfo-en-zaragoza-antioquia-deja-como-resultado-la-recuperacion-de-un-menor-dos-capturas-y-un-sometido | https://www.ejercito.mil.co/ofensiva-de-la-septima-division-contra-el-clan-del-golfo-en-zaragoza-antioquia-deja-como-resultado-la-recuperacion-de-un-menor-dos-capturas-y-un-sometido-643673 | https://www.bluradio.com/regiones/antioquia/golpe-contra-el-clan-del-golfo-en-antioquia-capturan-a-dos-personas-y-un-joven-fue-recuperado-rg10 | https://www.eltiempo.com/politica/abelardo-de-la-espriella/golpe-al-clan-del-golfo-en-antioquia-el-ejercito-capturo-a-alias-80-incauto-armas-y-explosivos-y-desmantelo-una-central-de-comunicaciones-3582864 | https://www.infobae.com/colombia/2026/09/02/abelardo-de-la-espriella-reporto-golpe-al-clan-del-golfo-en-antioquia-2-capturados-y-un-menor-recuperado/ | https://www.elheraldo.co/colombia/2026/09/02/en-zaragosa-ejercito-captura-a-alias-80-del-clan-del-golfo/ | https://x.com/ABDELAESPRIELLA/status/2094984476682015086 | https://x.com/COL_EJERCITO/status/2095191270318600633 | https://x.com/COL_EJERCITO/status/2095198087211872731 | https://x.com/FuerzasMilCol/status/2095208117210329297 | https://x.com/mindefensa/status/2095151963344093563 | https://x.com/mindefensa/status/2095591633006076110 | https://h13n.com/zaragoza-clan-del-golfo/
2026-09-01,DESCONOCIDO,,Guaviare,Miraflores,EJERCITO,0,0,0,0,0,0,False,True,reportado,,https://www.elinformador.com.co/index.php/judiciales/72-judiciales-nacional/358022-ejercito-destruye-mas-1-380-galones-de-pasta-de-coca-en-guaviare
2026-09-01,EMC,Carolina Ramírez,Guaviare,,EJERCITO|POLICIA,0,0,0,0,0,0,False,True,reportado,,https://www.cablenoticias.com/noticias/golpe-a-las-disidencias-de-ivan-mordisco-abaten-a-alias-tigre-en-guaviare
2026-09-01,EMC,,,Buenaventura,EJERCITO,1,0,0,0,0,1,False,True,reportado,,https://www.elinformador.com.co/index.php/judiciales/72-judiciales-nacional/289481-ejercito-nacional-detiene-a-8-disidentes-de-farc-y-recupera-a-2-menores
2026-09-01,EMC,,,Buenaventura,EJERCITO,0,9,0,0,0,9,False,True,reportado,,https://www.elinformador.com.co/index.php/judiciales/72-judiciales-nacional/289481-ejercito-nacional-detiene-a-8-disidentes-de-farc-y-recupera-a-2-menores | https://www.elheraldo.co/colombia/2026/09/02/la-ofensiva-contra-el-clan-del-golfo-en-sucre-dejo-nueve-capturados/ | https://www.elinformador.com.co/index.php/judiciales/72-judiciales-nacional/338098-ejercito-y-policia-logran-la-captura-de-nueve-presuntos-integrantes-del-clan-del-golfo-en-cordoba
2026-09-01,EMBF,Bloque Jorge Suárez Briceño,Guaviare,,EJERCITO|POLICIA,0,1,0,0,0,1,False,True,reportado,,https://www.elcolombiano.com/colombia/mocion-censura-ministro-defensa-tres-menores-muertos-bombardeo-guaviare-FA40514166
2026-09-01,EMBF,frente Rodrigo Cadete,Nariño,El Retorno,EJERCITO|POLICIA,1,0,0,0,0,1,False,True,reportado,Urías Perdomo,https://www.elcolombiano.com/colombia/jefes-terroristas-muertos-operaciones-militares-de-la-espriella-OA40516282
2026-09-01,CLAN_DEL_GOLFO,,,Barranquilla,POLICIA,0,39,0,0,0,39,True,True,confirmado,Los Costeños|Los Pepes|Los Porteños|cabecillas,https://x.com/ABDELAESPRIELLA/status/2094770558369960184 | https://www.elcolombiano.com/colombia/ofensiva-seguridad-barranquilla-39-capturas-reduccion-homicidios-GD40520565
2026-09-01,OTRO_GAO,frente,Guaviare,,EJERCITO|POLICIA,0,0,0,0,27,27,True,True,confirmado,Mordisco,https://x.com/mindefensa/status/2094608171507519510
2026-09-01,EMC,,Nariño,Santa Bárbara de Iscuandé,EJERCITO|POLICIA,0,1,0,0,0,1,True,True,confirmado,Cortico,https://x.com/FuerzasMilCol/status/2094795288477126743
2026-09-01,OTRO_GAO,,,,EJERCITO|POLICIA,0,0,0,0,0,0,True,True,confirmado,,https://x.com/FuerzasMilCol/status/2094926274254733477
2026-09-01,OTRO_GAO,,,,CTI_FISCALIA,0,1,0,0,0,1,True,True,confirmado,,https://x.com/FiscaliaCol/status/2094850792012362105
2026-09-01,OTRO_GAO,,Norte de Santander,Pamplona,CTI_FISCALIA,0,7,0,0,0,7,True,True,confirmado,Osmer,https://x.com/FiscaliaCol/status/2094850792012362105
2026-09-01,SEGUNDA_MARQUETALIA,,Guaviare,,,1,0,0,0,0,1,False,True,corroborado,Pintado|Tigre,https://www.infobae.com/colombia/2026/09/01/abatido-alias-tigre-hombre-de-confianza-de-ivan-mordisco-en-guaviare-de-la-espriella-dio-detalles-de-la-operacion/ | https://diariodelcauca.com.co/de-la-espriella-confirmo-la-muerte-de-alias-tigre-golpe-demoledor-a-las-disidencias-de-alias-ivan-mordisco/ | https://www.eltiempo.com/justicia/investigacion/dos-menores-de-edad-murieron-en-el-tercer-bombardeo-del-gobierno-de-la-espriella-en-el-guaviare-3583631
2026-09-01,EMBF,Bloque Jorge Suárez Briceño,Guaviare,,EJERCITO|POLICIA,7,0,0,0,0,7,False,True,corroborado,,https://www.elcolombiano.com/colombia/mocion-censura-ministro-defensa-tres-menores-muertos-bombardeo-guaviare-FA40514166 | https://www.elcolombiano.com/colombia/tres-menores-muertos-bombardeo-fuerza-publica-guaviare-CG40463890
2026-09-01,EMC,Carolina Ramírez,Guaviare,Miraflores,EJERCITO|POLICIA,23,0,0,0,0,23,True,True,corroborado,Carolina Ramírez|Iván Mordisco|Mordisco|Pintado|Tigre|Willinton Vanegas Leyva|el Tigre,https://nacionhuilense.com/operacion-militar-azarias-eleva-a-20-los-muertos-en-ofensiva-contra-disidencia-e/ | https://nacionllanera.com/operacion-militar-azarias-deja-20-muertos-en-guaviare/ | https://www.elheraldo.co/colombia/2026/09/01/el-estado-no-les-dara-tregua-mindefensa-sobre-ofensiva-contra-disidencia-de-ivan-mordisco-que-dejo-20-muertos-en-guaviare/ | https://www.eltiempo.com/politica/abelardo-de-la-espriella/el-contundente-mensaje-del-presidente-abelardo-de-la-espriella-a-alias-ivan-mordisco-tras-operaciones-militares-en-el-guaviare-vamos-detras-de-ti-3582565 | https://www.colombia.com/actualidad/nacionales/sube-a-20-la-cifra-de-muertos-en-bombardeo-contra-disidencias-de-mordisco-598503 | https://x.com/ABDELAESPRIELLA/status/2094600244382093366 | https://congresodiario.com/operativo-militar-guaviare-disidencias-farc-muertos/ | https://www.pulzo.com/nacion/espriella-anuncio-golpe-contra-disidencias-farc-hablo-20-muertos-PP5289120 | https://www.noticiascaracol.com/colombia/bombardeo-en-guaviare-deja-20-narcoterroristas-muertos-uno-era-hombre-de-confianza-de-mordisco-rg10 | https://www.rtve.es/noticias/20260901/colombia-muertos-operacion-disidencia-farc/17207778.shtml | https://www.eltiempo.com/politica/abelardo-de-la-espriella/presidente-abelardo-de-la-espriella-confirma-golpe-a-disidencias-de-mordisco-en-bombardeo-fue-dado-de-baja-cabecilla-de-la-estructura-en-guaviare-3582556 | https://www.semana.com/politica/articulo/abelardo-de-la-espriella-anuncia-golpe-demoledor-a-las-disidencias-de-ivan-mordisco-en-guaviare-un-cabecilla-fue-dado-de-baja/202652/ | https://www.cablenoticias.com/noticias/golpe-a-las-disidencias-de-ivan-mordisco-abaten-a-alias-tigre-en-guaviare | https://www.vanguardia.com/colombia/2026/09/01/abatido-alias-tigre-en-guaviare-de-la-espriella-advierte-a-mordisco/ | https://laopinion.co/region/rescatan-en-meta-pamplones-que-llevaba-11-meses-secuestrado-por-disidencias-de-las-farc | https://www.elcolombiano.com/colombia/jefes-terroristas-muertos-operaciones-militares-de-la-espriella-OA40516282 | https://www.elespectador.com/judicial/muere-alias-tigre-alfil-de-mordisco-y-otros-19-presuntos-disidentes-en-tercer-bombardeo-ordenado-por-de-la-espriella/ | https://www.eltiempo.com/politica/gobierno/la-advertencia-del-mindefensa-tras-muerte-de-20-integrantes-de-disidencias-de-ivan-mordisco-en-operaciones-en-guaviare-el-estado-no-dara-tregua-3582577 | https://www.eltiempo.com/justicia/conflicto-y-narcotrafico/por-que-la-operacion-de-bombardeo-contra-ivan-mordisco-en-guaviare-supone-el-mayor-golpe-contra-un-grupo-armado-en-11-anos-3582986 | https://mioriente.com/nacionales/bombardeo-mordisco-23-muertos/ | https://www.elcolombiano.com/colombia/bombardeo-guaviare-muertos-alias-ivan-mordisco-abelardo-de-la-espriella-GB40503713 | https://contrapodernews.com/es-abatido-uno-de-los-jefes-de-las-disidencias-de-las-farc/
2026-09-01,CLAN_DEL_GOLFO,Subestructura Edwin Román Velásquez Valle,Antioquia,Andes,EJERCITO|POLICIA,1,0,0,0,0,1,True,True,confirmado,Perjuicio,https://www.cgfm.mil.co/es/multimedia/noticias/alias-perjuicio-tendria-desplegado-su-accionar-criminal-en-los-municipios-de | https://www.elcolombiano.com/antioquia/operativo-alias-perjuicio-jefe-sicarios-clan-golfo-andes-antioquia-CD40524897 | https://www.infobae.com/colombia/2026/09/01/cayo-alias-perjuicio-senalado-jefe-de-sicarios-del-clan-del-golfo/
2026-09-01,EMC,,Guaviare,El Tambo,EJERCITO|POLICIA,20,5,0,0,0,25,True,True,corroborado,Iván Mordisco,https://nacionllanera.com/operacion-militar-azarias-deja-20-muertos-en-guaviare/ | https://www.cablenoticias.com/noticias/golpe-a-las-disidencias-de-ivan-mordisco-abaten-a-alias-tigre-en-guaviare | https://www.pulzo.com/nacion/espriella-anuncio-golpe-contra-disidencias-farc-hablo-20-muertos-PP5289120 | https://www.vanguardia.com/colombia/2026/09/01/abatido-alias-tigre-en-guaviare-de-la-espriella-advierte-a-mordisco/ | https://nacionhuilense.com/operacion-militar-azarias-eleva-a-20-los-muertos-en-ofensiva-contra-disidencia-e/ | https://www.elheraldo.co/colombia/2026/09/01/el-estado-no-les-dara-tregua-mindefensa-sobre-ofensiva-contra-disidencia-de-ivan-mordisco-que-dejo-20-muertos-en-guaviare/ | https://x.com/ABDELAESPRIELLA/status/2094600244382093366 | https://caracol.com.co/2026/09/01/no-habra-tregua-mindefensa-tras-muerte-de-27-integrantes-de-disidencias-de-mordisco/ | https://www.eluniversal.com.mx/mundo/operacion-contra-disidencia-de-las-farc-dejo-20-muertos-allegado-a-ivan-mordisco-entre-los-fallecidos/ | https://canal1.com.co/noticias/nacional/de-la-espriella-anuncia-golpe-a-estructura-de-ivan-mordisco-20-muertos-y-5-capturados/ | https://www.lasillavacia.com/en-vivo/mindefensa-denuncia-que-disidentes-vestidos-de-civil-atacaron-al-ejercito/ | https://www.elcolombiano.com/colombia/joseph-humire-trump-de-la-espriella-posesion-desfile-silleteros-seguridad-americas-PI39757833 | https://www.elespectador.com/judicial/abelardo-de-la-espriella-confirma-la-muerte-de-jefes-de-disidencia-de-mordisco-y-del-clan-del-golfo-tras-operativos/ | https://www.elheraldo.co/colombia/2026/08/14/presidente-de-la-espriella-confirmo-la-captura-de-3-miembros-de-las-disidencias-de-ivan-mordisco/ | https://www.noticiascaracol.com/colombia/presidente-confirma-nuevo-ataque-contra-las-disidencias-en-el-guaviare-detalles-de-la-operacion-rg10
2026-08-31,DESCONOCIDO,,,,EJERCITO|POLICIA,0,774,0,0,0,774,False,False,descartado,,https://co.headtopics.com/news/primer-balance-de-seguridad-de-abelardo-de-la-espriella-30-87249602
2026-08-31,DESCONOCIDO,,,,EJERCITO|POLICIA,30,0,0,0,0,30,False,False,descartado,,https://co.headtopics.com/news/primer-balance-de-seguridad-de-abelardo-de-la-espriella-30-87249602
2026-08-31,EMC,,,,EJERCITO|POLICIA,0,5,0,0,0,5,False,True,reportado,,https://www.eltiempo.com/politica/abelardo-de-la-espriella/el-contundente-mensaje-del-presidente-abelardo-de-la-espriella-a-alias-ivan-mordisco-tras-operaciones-militares-en-el-guaviare-vamos-detras-de-ti-3582565
2026-08-31,EMC,Mordisco,,,EJERCITO,0,6,0,0,0,6,False,True,reportado,Víctor,https://caracol.com.co/2026/09/01/no-habra-tregua-mindefensa-tras-muerte-de-27-integrantes-de-disidencias-de-mordisco/ | https://www.elespectador.com/judicial/muere-alias-tigre-alfil-de-mordisco-y-otros-19-presuntos-disidentes-en-tercer-bombardeo-ordenado-por-de-la-espriella/ | https://www.elcolombiano.com/colombia/abelardo-de-la-espriella-regano-alcaldes-consejo-seguridad-cucuta-HH40569592
2026-08-31,EMBF,Bloque Jorge Suárez Briceño,Guaviare,El Retorno,EJERCITO|POLICIA,0,0,0,0,10,10,True,True,confirmado,,https://x.com/mindefensa/status/2094278190298513874 | https://x.com/COL_EJERCITO/status/2094576217718734936
2026-08-31,OTRO_GAO,Jaime Martínez,Valle del Cauca,Dagua,EJERCITO|POLICIA,1,0,0,0,0,1,True,True,confirmado,Arcadio|Felipe,https://x.com/COL_EJERCITO/status/2094537449250664596
2026-08-31,CLAN_DEL_GOLFO,González Oquendo,Casanare,Tauramena,EJERCITO,0,2,0,0,0,2,True,True,confirmado,Bernardo|Walter,https://www.ejercito.mil.co/ejercito-nacional-desarticula-comision-del-clan-del-golfo-con-la-captura-de-sus-principales-cabecillas-en-tauramena-casanare
2026-08-31,OTRO_GAO,,,Piedecuesta,EJERCITO,0,4,0,0,0,4,True,True,confirmado,Los del Sur,https://www.ejercito.mil.co/golpe-a-la-delincuencia-en-piedecuesta-ejercito-nacional-captura-a-cuatro-presuntos-integrantes-de-los-del-sur
2026-08-31,OTRO_GAO,,Santander,Bucaramanga,EJERCITO|POLICIA,0,1,0,0,0,1,True,True,confirmado,El Mundo,https://www.ntn24.com/noticias-actualidad/capturado-alias-el-mundo-senalado-de-mover-armas-y-municiones-para-las-autodefensas-conquistadoras-de-la-sierra-nevada-en-bucaramanga-646400 | https://x.com/COL_EJERCITO/status/2094553568472936600 | https://x.com/FuerzasMilCol/status/2094564815272337838
2026-08-31,DESCONOCIDO,,,,,0,0,0,0,0,0,True,True,confirmado,,https://www.eluniversal.com.co/sucesos/2026/08/31/van-46-toneladas-de-droga-incautadas-y-ocho-capturados-en-operacion-zeus-arcano-iii/ | https://www.ntn24.com/noticias-actualidad/con-la-participacion-de-30-paises-y-17-agencias-la-fuerza-aerea-colombiana-lidera-la-operacion-zeus-arcano-iii-e-incauta-mas-de-4-6-toneladas-de-cocaina-646142 | https://x.com/FuerzasMilCol/status/2094956724679758153
2026-08-30,DESCONOCIDO,,,,EJERCITO|POLICIA,0,0,0,0,0,0,False,True,reportado,,https://noticiasdelcesar.com/operacion-zeus-arcano-iii-46-toneladas-de-cocaina-incautadas/
2026-08-30,OTRO_GAO,,Magdalena,Santa Marta,POLICIA,0,1,0,0,0,1,True,True,confirmado,Daniel|Fe,https://x.com/mindefensa/status/2094185243531960344
2026-08-30,EMC,Estructura Jaime Martínez,Valle del Cauca,Dagua,EJERCITO,1,0,0,0,0,1,True,True,confirmado,Arcadio|Felipe,https://x.com/FuerzasMilCol/status/2094125635027206486 | https://www.elpais.com.co/colombia/alias-felipe-cabecilla-de-las-disidencias-dado-de-baja-en-dagua-fue-el-cerebro-de-varios-ataques-criminales-en-el-valle-3156.html | https://www.valledelcauca.gov.co/publicaciones/90390/alias-felipe-explosivista-de-las-disidencias-jaime-martinez-fue-abatido-en-combates-en-dagua/ | https://www.elcolombiano.com/colombia/jefes-terroristas-muertos-operaciones-militares-de-la-espriella-OA40516282
2026-08-30,DESCONOCIDO,,Meta,Restrepo,EJERCITO,0,0,0,0,0,0,True,True,confirmado,,https://www.ejercito.mil.co/ejercito-nacional-ubica-y-destruye-laboratorio-para-el-procesamiento-de-pasta-base-de-coca-en-restrepo-meta
2026-08-30,DESCONOCIDO,,,,,0,0,0,0,0,0,False,True,corroborado,,https://www.semana.com/nacion/articulo/abelardo-de-la-espriella-revela-millonario-golpe-al-narcotrafico-46-toneladas-de-cocaina-incautadas-y-8-capturas/202641/ | https://www.elheraldo.co/colombia/2026/08/31/duro-golpe-al-narcotrafico-46-toneladas-de-cocaina-incautadas-y-ocho-capturados-en-operacion-zeus-arcano-iii/
2026-08-29,CLAN_DEL_GOLFO,,Sucre,,EJERCITO|POLICIA,0,1,0,0,0,1,False,True,corroborado,Danilo,https://caracol.com.co/2026/08/29/armada-reporto-la-captura-de-alias-danilo-maximo-cabecilla-del-clan-del-golfo-en-sucre/ | https://caracol.com.co/2026/08/29/capturan-en-sucre-a-alias-danilo-cabecilla-del-clan-del-golfo/ | https://www.infobae.com/colombia/2026/08/29/capturan-a-alias-danilo-en-sucre-principal-cabecilla-del-clan-del-golfo-el-presidente-abelardo-de-la-espriella-se-pronuncio/
2026-08-29,ELN,Frente Camilo Torres,Cesar,El Paso,POLICIA,0,4,0,0,0,4,True,True,confirmado,,https://www.infobae.com/colombia/2026/08/29/nuevo-golpe-al-eln-el-presidente-abelardo-de-la-espriella-anuncio-la-captura-de-cuatro-integrantes-del-frente-camilo-torres/ | https://www.elheraldo.co/colombia/2026/08/29/capturan-en-el-paso-cesar-a-cuatro-presuntos-integrantes-del-eln/ | https://x.com/FuerzasMilCol/status/2094090192239931714 | https://www.ejercito.mil.co/cuatro-presuntos-integrantes-del-eln-fueron-capturados-en-el-paso-cesar
2026-08-28,CLAN_DEL_GOLFO,,,,,1,0,0,0,0,1,False,True,reportado,,https://www.eltiempo.com/politica/abelardo-de-la-espriella/presidente-abelardo-de-la-espriella-anuncia-18-capturas-y-7-sometimientos-contra-el-clan-del-golfo-3582905
2026-08-28,CLAN_DEL_GOLFO,,,,,0,0,7,0,0,7,False,True,reportado,,https://www.eltiempo.com/politica/abelardo-de-la-espriella/presidente-abelardo-de-la-espriella-anuncia-18-capturas-y-7-sometimientos-contra-el-clan-del-golfo-3582905
2026-08-28,CLAN_DEL_GOLFO,,,,,0,18,0,0,0,18,False,True,reportado,,https://www.eltiempo.com/politica/abelardo-de-la-espriella/presidente-abelardo-de-la-espriella-anuncia-18-capturas-y-7-sometimientos-contra-el-clan-del-golfo-3582905
2026-08-27,DESCONOCIDO,,,,,0,530,0,0,0,530,True,False,descartado,,https://www.cgfm.mil.co/es/multimedia/noticias/relevo-de-estrategas-arranca-oficialmente-la-gestion-de-la-nueva-cupula-militar
2026-08-27,DESCONOCIDO,,,,,0,0,0,0,21,21,True,False,descartado,,https://www.cgfm.mil.co/es/multimedia/noticias/relevo-de-estrategas-arranca-oficialmente-la-gestion-de-la-nueva-cupula-militar
2026-08-27,DESCONOCIDO,,,,,0,0,0,0,0,0,True,True,confirmado,,https://www.cgfm.mil.co/es/multimedia/noticias/relevo-de-estrategas-arranca-oficialmente-la-gestion-de-la-nueva-cupula-militar
2026-08-27,DESCONOCIDO,,,,,0,0,0,0,0,0,True,True,confirmado,,https://www.cgfm.mil.co/es/multimedia/noticias/relevo-de-estrategas-arranca-oficialmente-la-gestion-de-la-nueva-cupula-militar
2026-08-26,CLAN_DEL_GOLFO,,Córdoba,Montería,EJERCITO|POLICIA,0,1,0,0,0,1,True,True,confirmado,El Zarco,https://www.policia.gov.co/noticia/captura-representa-un-nuevo-golpe-contra-las-estructuras-criminales-que-buscan-mantener
2026-08-25,EMC,,Guaviare,,EJERCITO|POLICIA,0,2,0,0,0,2,False,True,reportado,,https://www.lafm.com.co/orden-publico/13-personas-capturadas-guaviare-meta-disidencias-ejercito-presidente-408845
2026-08-25,DESCONOCIDO,,Meta,,EJERCITO|POLICIA,0,0,0,0,0,0,True,True,confirmado,,https://www.ejercito.mil.co/ejercito-nacional-destruye-laboratorio-para-procesamiento-de-pasta-base-de-coca-en-la-macarena
2026-08-25,DESCONOCIDO,,Meta,,EJERCITO|POLICIA,0,1,0,0,0,1,True,True,confirmado,,https://www.ejercito.mil.co/ejercito-nacional-destruye-laboratorio-para-procesamiento-de-pasta-base-de-coca-en-la-macarena
2026-08-25,OTRO_GAO,Estructura 30 Jhonier Toro Arenas,Nariño,Santa Bárbara de Iscuandé,EJERCITO,0,1,0,0,0,1,True,True,confirmado,Cortico,https://www.ejercito.mil.co/cae-alias-cortico-ejercito-nacional-captura-a-cabecilla-de-la-estructura-jhonier-toro-arenas-en-santa-barbara-de-iscuande
2026-08-24,DESCONOCIDO,,,,,0,0,0,0,0,0,False,True,reportado,,https://www.agenciapi.co/noticia/politica/gobierno-de-la-espriella-fuerza-publica-reporta-1574-capturas-desde-el-pasado-7-de-agosto
2026-08-24,SEGUNDA_MARQUETALIA,,,,,0,0,0,0,0,0,False,True,reportado,,https://www.agenciapi.co/noticia/politica/gobierno-de-la-espriella-fuerza-publica-reporta-1574-capturas-desde-el-pasado-7-de-agosto
2026-08-24,DESCONOCIDO,,,,EJERCITO|POLICIA,0,0,0,0,0,0,False,True,reportado,,https://ifmnoticias.com/orden-publico/fuerza-publica-reporto-1574-capturas-desde-el-7-de-agosto-y-rescate-de-comerciante-secuestrado-en-popayan/
2026-08-24,CLAN_DEL_GOLFO,,Antioquia,Cáceres,EJERCITO|POLICIA,0,1,0,0,0,1,False,True,reportado,El Mello,https://www.llaveinformativa.com/capturado-alias-el-mello-presunto-cabecilla-del-clan-del-golfo/
2026-08-24,CLAN_DEL_GOLFO,,,Turbaco y Bayunca,POLICIA,0,0,0,0,0,0,False,True,reportado,,https://cartagena.alerta.com.co/judiciales/cartagena-capturan-tres-presuntos-sicarios-clan-del-golfo-249140
2026-08-24,CLAN_DEL_GOLFO,,,Turbaco y Bayunca,POLICIA,0,3,0,0,0,3,False,True,reportado,sicarios,https://cartagena.alerta.com.co/judiciales/cartagena-capturan-tres-presuntos-sicarios-clan-del-golfo-249140
2026-08-24,DESCONOCIDO,,,Cali y Tumaco,CTI_FISCALIA,0,5,0,0,0,5,False,True,reportado,Charro|Cheo|El Indio|Lindo|Simón,https://laopinion.co/colombia/capturan-cinco-presuntos-integrantes-de-red-que-enviaba-cocaina-ee-uu-en-semisumergibles
2026-08-24,ELN,compañía Yulitza,Cesar,,EJERCITO|POLICIA,0,0,0,0,0,0,True,True,confirmado,,https://www.ejercito.mil.co/en-el-cesar-la-decima-brigada-adelanta-operaciones-militares-contra-diferentes-estructuras-criminales
2026-08-24,EMC,Comandos de Frontera,Putumayo,Puerto Leguízamo,EJERCITO|POLICIA,0,4,0,0,0,4,True,True,confirmado,Comandos de Frontera|Cóndor|Maduro|Pinzón|Solarte,https://www.cgfm.mil.co/es/multimedia/noticias/fuerza-publica-captura-cuatro-presuntos-integrantes-de-los-comandos-de-frontera | https://x.com/ArmadaColombia/status/2091871763034489014
2026-08-24,CLAN_DEL_GOLFO,,,,EJERCITO|POLICIA,0,0,0,0,0,0,False,True,corroborado,,https://ifmnoticias.com/orden-publico/fuerza-publica-reporto-1574-capturas-desde-el-7-de-agosto-y-rescate-de-comerciante-secuestrado-en-popayan/ | https://www.agenciapi.co/noticia/politica/gobierno-de-la-espriella-fuerza-publica-reporta-1574-capturas-desde-el-pasado-7-de-agosto
2026-08-24,OTRO_GAO,,Meta,La Macarena,,0,0,0,0,0,0,False,True,corroborado,,https://www.bluradio.com/nacion/de-la-espriella-confirma-captura-de-11-integrantes-de-la-segunda-marquetalia-y-2-del-clan-del-golfo-rg10 | https://laopinion.co/colombia/de-la-espriella-reporta-mas-de-1500-capturas-desde-su-llegada-la-presidencia
2026-08-24,SEGUNDA_MARQUETALIA,frente 53,Meta,Puerto Gaitán,,0,12,0,0,0,12,True,True,confirmado,José Delfín Villalobos|Águila,https://www.ejercito.mil.co/ejercito-nacional-y-policia-capturan-a-cabecillas-de-la-subestructura-53-edinson-romana-de-la-segunda-marquetalia-en-puerto-gaitan-meta-643536 | https://www.bluradio.com/nacion/de-la-espriella-confirma-captura-de-11-integrantes-de-la-segunda-marquetalia-y-2-del-clan-del-golfo-rg10 | https://www.infobae.com/colombia/2026/08/24/cayo-alias-aguila-hombre-de-confianza-de-zarco-aldinever-durante-operativo-contra-la-segunda-marquetalia-en-meta/ | https://www.lafm.com.co/orden-publico/13-personas-capturadas-guaviare-meta-disidencias-ejercito-presidente-408845 | https://laopinion.co/colombia/de-la-espriella-reporta-mas-de-1500-capturas-desde-su-llegada-la-presidencia | https://www.ntn24.com/noticias-actualidad/golpe-a-la-segunda-marquetalia-autoridades-de-colombia-capturaron-a-temido-cabecilla-en-puerto-gaitan-meta-644235 | https://www.semana.com/nacion/articulo/golpe-a-la-segunda-marquetalia-de-ivan-marquez-once-personas-fueron-capturadas-en-accion-del-ejercito/202634/ | https://ifmnoticias.com/orden-publico/fuerza-publica-reporto-1574-capturas-desde-el-7-de-agosto-y-rescate-de-comerciante-secuestrado-en-popayan/ | https://www.cablenoticias.com/noticias/de-la-espriella-confirma-captura-integrantes-segunda-marquetalia-clan-del-golfo | https://www.elheraldo.co/colombia/2026/08/24/de-la-espriella-confirma-la-captura-de-11-integrantes-de-la-segunda-marquetalia-y-el-rescate-de-un-comerciante-secuestrado/ | https://www.ejercito.mil.co/ejercito-nacional-y-policia-capturan-a-cabecillas-de-la-subestructura-53-edinson-romana-de-la-segunda-marquetalia-en-puerto-gaitan-meta | https://canal1.com.co/noticias/nacional/capturan-a-alias-aguila-senalado-cabecilla-de-la-segunda-marquetalia-en-el-meta/ | https://diariolalibertad.com/2026/08/24/capturan-en-puerto-gaitan-a-alias-aguila-senalado-cabecilla-del-frente-53-de-la-segunda-marquetalia/ | https://www.pulzo.com/nacion/segunda-marquetalia-capturan-11-personas-dos-cabecillas-puerto-gaitan-PP5283546 | https://caracol.com.co/2026/08/24/aguila-cabecilla-de-segunda-marquetalia-entre-los-11-capturados-anunciados-por-de-la-espriella/ | https://noticiasbq.com/golpe-a-la-segunda-marquetalia-en-el-meta-ejercito-captura-a-11-personas-entre-ellas-dos-presuntos-cabecillas/ | https://www.agenciapi.co/noticia/regiones/capturan-once-personas-de-la-segunda-marquetalia-de-ivan-marquez | https://www.eltiempo.com/justicia/conflicto-y-narcotrafico/atencion-cayo-alias-aguila-hombre-de-confianza-del-zarco-aldinever-en-meta-podria-dar-pistas-del-crimen-de-miguel-uribe-3580684 | https://360radio.com.co/golpe-a-grupos-armados-capturan-a-11-integrantes-de-la-segunda-marquetalia-y-2-del-clan-del-golfo/230962/
2026-08-23,CLAN_DEL_GOLFO,,Antioquia,Salgar,EJERCITO|POLICIA,0,0,0,0,0,0,False,True,reportado,,https://canal1.com.co/noticias/nacional/operativo-contra-el-clan-del-golfo-deja-dos-muertos-y-dos-capturados-en-salgar/
2026-08-23,EMC,frente Carlos Patiño,Cauca,Popayán,CTI_FISCALIA,0,0,0,0,0,0,False,True,reportado,,https://www.elcolombiano.com/colombia/disidencias-de-las-farc-y-el-eln-estan-usando-drones-kamikazes-asi-funcionan-KH40218002
2026-08-23,EMC,frente Carlos Patiño,Cauca,Popayán,CTI_FISCALIA,0,3,0,0,0,3,False,True,reportado,Fabián Andrés Tumbo Ulcué|Leonardo García Ramírez|Yeli Usnas Campo,https://www.elcolombiano.com/colombia/disidencias-de-las-farc-y-el-eln-estan-usando-drones-kamikazes-asi-funcionan-KH40218002
2026-08-23,DESCONOCIDO,,,,EJERCITO|POLICIA,0,0,0,0,0,0,False,True,reportado,,https://lavozdelcinaruco.com/presidente-afirma-que-han-sido-incautadas-mas-de-12-toneladas-de-droga-en-los-primeros-dias-gobierno/
2026-08-23,CLAN_DEL_GOLFO,,Magdalena,María La Baja,POLICIA,0,2,0,0,0,2,True,True,corroborado,Laura|Samuel,https://caracol.com.co/2026/08/23/duro-golpe-al-clan-del-golfo-en-el-magdalena-capturados-dos-de-sus-integrantes/ | https://www.bluradio.com/nacion/de-la-espriella-confirma-captura-de-11-integrantes-de-la-segunda-marquetalia-y-2-del-clan-del-golfo-rg10 | https://laopinion.co/colombia/de-la-espriella-reporta-mas-de-1500-capturas-desde-su-llegada-la-presidencia | https://360radio.com.co/golpe-a-grupos-armados-capturan-a-11-integrantes-de-la-segunda-marquetalia-y-2-del-clan-del-golfo/230962/ | https://www.ntn24.com/noticias-actualidad/estos-son-los-dos-presuntos-cabecillas-del-clan-del-golfo-capturados-en-magdalena-y-senalados-de-manejar-estructura-criminal-y-finanzas-644156 | https://www.ejercito.mil.co/ejercito-nacional-captura-a-dos-presuntos-integrantes-del-clan-del-golfo-en-el-magdalena | https://caracol.com.co/2026/08/24/capturaron-a-alias-samuel-presunto-segundo-cabecilla-de-las-agc-en-maria-la-baja/ | https://www.eluniversal.com.co/sucesos/2026/08/24/le-siguieron-los-pasos-hasta-ubicarlo-cayo-samuel-senalado-jefe-del-clan-del-golfo/
2026-08-22,ELN,compañía Yulitza,Cesar,,EJERCITO,0,0,0,1,0,1,False,True,reportado,,https://www.bluradio.com/regiones/caribe/capturan-a-tres-presuntos-miembros-del-clan-del-golfo-y-desarticulan-estructura-del-eln-en-el-cesar-rg10
2026-08-22,DESCONOCIDO,,Norte de Santander,Puerto Santander,EJERCITO|POLICIA,0,0,0,0,0,0,False,True,reportado,,https://bucaramanga.alerta.com.co/judiciales/destruyen-megalaboratorio-de-cocaina-en-puerto-santander-249082
2026-08-22,DESCONOCIDO,,Cesar,La Gloria,EJERCITO,0,2,0,0,0,2,False,True,reportado,,https://www.elheraldo.co/colombia/2026/08/22/ejercito-captura-a-dos-personas-e-incautan-combustible-y-tractomulas-en-el-cesar/
2026-08-22,SEGUNDA_MARQUETALIA,,Guaviare,El Retorno,EJERCITO,0,2,0,0,0,2,False,True,reportado,Brenda|Nicolás,https://www.bluradio.com/nacion/orden-publico/ejercito-capturo-a-dos-presuntos-integrantes-de-disidencia-de-alias-calarca-en-guaviare-rg10
2026-08-22,EMBF,,Guaviare,El Retorno,EJERCITO,0,2,0,0,0,2,False,True,reportado,Calarcá|Nicolás,https://www.infobae.com/colombia/2026/08/22/operativo-en-guaviare-logro-dos-capturas-de-las-disidencias-de-alias-calarca-e-incautacion-de-material-de-guerra/ | https://www.elheraldo.co/colombia/2026/08/22/golpe-a-disidencia-de-alias-calarca-ejercito-capturo-a-dos-presuntos-integrantes-en-el-retorno-guaviare/ | https://co.headtopics.com/news/ejercito-captur-a-dos-presuntos-integrantes-de-disidencia-86913811
2026-08-22,DESCONOCIDO,,,,EJERCITO,0,0,0,0,0,0,False,True,reportado,,https://www.infobae.com/colombia/2026/08/22/operativo-en-guaviare-logro-dos-capturas-de-las-disidencias-de-alias-calarca-e-incautacion-de-material-de-guerra/
2026-08-22,DESCONOCIDO,,,,EJERCITO,0,0,0,0,0,0,False,True,reportado,,https://www.infobae.com/colombia/2026/08/22/operativo-en-guaviare-logro-dos-capturas-de-las-disidencias-de-alias-calarca-e-incautacion-de-material-de-guerra/
2026-08-22,CLAN_DEL_GOLFO,,Antioquia,El Peñol,EJERCITO|POLICIA,0,16,0,0,0,16,False,True,reportado,Kevin,https://www.lafm.com.co/orden-publico/ofensiva-fuerza-publica-en-antioquia-deja-dos-abatidos-clan-del-golfo-408625 | https://www.elcolombiano.com/antioquia/captura-14-presuntos-miembros-de-la-terraza-que-venderian-drogas-en-el-penol-antioquia-LE40220487
2026-08-22,CLAN_DEL_GOLFO,,Cesar,Agustín Codazzi,EJERCITO|POLICIA,0,3,0,0,0,3,False,True,corroborado,presunto cabecilla,https://www.bluradio.com/regiones/caribe/capturan-a-tres-presuntos-miembros-del-clan-del-golfo-y-desarticulan-estructura-del-eln-en-el-cesar-rg10 | https://diariodelnorte.net/caribe/capturan-a-presunto-cabecilla-del-clan-del-golfo-durante-operativo-militar-en-el-cesar/
2026-08-22,OTRO_GAO,Isaías Carvajal,Guaviare,,EJERCITO|POLICIA,0,2,0,0,0,2,False,True,corroborado,Calarcá,https://www.lafm.com.co/orden-publico/captura-guaviare-presuntos-integrantes-grupo-alias-calarca-408658 | https://elmetro.co/ejercito-captura-integrantes-criminal-guaviare/
2026-08-22,CLAN_DEL_GOLFO,,Antioquia,Salgar,EJERCITO|POLICIA,0,0,0,0,0,0,True,True,confirmado,,https://www.cgfm.mil.co/es/multimedia/noticias/ejercito-nacional-sostiene-combate-contra-integrantes-del-clan-del-golfo-en | https://www.elcolombiano.com/antioquia/golpe-contra-clan-del-golfo-salgar-antioquia-ejercito-OG40207339 | https://www.eltiempo.com/justicia/conflicto-y-narcotrafico/combates-contra-el-clan-del-golfo-dejan-dos-muertos-y-dos-capturados-en-salgar-antioquia-3580236 | https://laopinion.co/sucesos/combates-entre-ejercito-y-clan-del-golfo-dejan-dos-muertos-y-dos-capturados-en-salgar
2026-08-22,CLAN_DEL_GOLFO,,,Salgar,EJERCITO,2,0,0,0,0,2,True,True,corroborado,,https://caracol.com.co/2026/08/22/ejercito-reporta-dos-muertos-y-dos-capturados-tras-combates-con-el-clan-del-golfo-en-salgar/ | https://www.eltiempo.com/justicia/conflicto-y-narcotrafico/combates-contra-el-clan-del-golfo-dejan-dos-muertos-y-dos-capturados-en-salgar-antioquia-3580236 | https://www.infobae.com/colombia/2026/08/22/abelardo-de-la-espriella-anuncio-cuatro-golpes-contundentes-contra-el-crimen-organizado-se-castiga-con-todas-las-de-la-ley/ | https://www.lafm.com.co/orden-publico/ofensiva-fuerza-publica-en-antioquia-deja-dos-abatidos-clan-del-golfo-408625 | https://laopinion.co/sucesos/combates-entre-ejercito-y-clan-del-golfo-dejan-dos-muertos-y-dos-capturados-en-salgar | https://www.cgfm.mil.co/es/multimedia/noticias/ejercito-nacional-sostiene-combate-contra-integrantes-del-clan-del-golfo-en | https://www.bluradio.com/regiones/antioquia/tras-combates-en-salgar-antioquia-fueron-abatidos-dos-integrantes-del-clan-del-golfo-rg10 | https://www.elcolombiano.com/antioquia/golpe-contra-clan-del-golfo-salgar-antioquia-ejercito-OG40207339 | https://www.noticiascaracol.com/colombia/presidente-abelardo-de-la-espriella-revela-golpes-al-crimen-organizado-caen-integrantes-del-clan-del-golfo-rg10 | https://canal1.com.co/noticias/nacional/operativo-contra-el-clan-del-golfo-deja-dos-muertos-y-dos-capturados-en-salgar/
2026-08-22,CLAN_DEL_GOLFO,,Antioquia,Salgar,,0,2,0,0,0,2,True,True,confirmado,Lucho|Soldo,https://www.cgfm.mil.co/es/multimedia/noticias/ejercito-nacional-sostiene-combate-contra-integrantes-del-clan-del-golfo-en | https://www.bluradio.com/regiones/antioquia/tras-combates-en-salgar-antioquia-fueron-abatidos-dos-integrantes-del-clan-del-golfo-rg10 | https://www.elcolombiano.com/antioquia/golpe-contra-clan-del-golfo-salgar-antioquia-ejercito-OG40207339 | https://www.infobae.com/colombia/2026/08/22/abelardo-de-la-espriella-anuncio-cuatro-golpes-contundentes-contra-el-crimen-organizado-se-castiga-con-todas-las-de-la-ley/ | https://laopinion.co/sucesos/combates-entre-ejercito-y-clan-del-golfo-dejan-dos-muertos-y-dos-capturados-en-salgar | https://canal1.com.co/noticias/nacional/operativo-contra-el-clan-del-golfo-deja-dos-muertos-y-dos-capturados-en-salgar/ | https://caracol.com.co/2026/08/22/ejercito-reporta-dos-muertos-y-dos-capturados-tras-combates-con-el-clan-del-golfo-en-salgar/ | https://www.eltiempo.com/justicia/conflicto-y-narcotrafico/combates-contra-el-clan-del-golfo-dejan-dos-muertos-y-dos-capturados-en-salgar-antioquia-3580236 | https://www.cablenoticias.com/noticias/de-la-espriella-confirma-captura-integrantes-segunda-marquetalia-clan-del-golfo | https://www.bluradio.com/regiones/antioquia/capturado-alias-soldo-uno-de-los-lideres-del-llamado-outsourcing-del-clan-del-golfo-en-medellin-rg10 | https://www.elheraldo.co/colombia/2026/08/22/capturan-a-alias-soldo-uno-de-los-lideres-del-llamado-outsourcing-del-clan-del-golfo-en-medellin-otro-cabecilla-fue-capturado-en-el-operativo/
2026-08-21,CLAN_DEL_GOLFO,,,La Jagua de Ibirico,POLICIA,0,3,0,0,0,3,False,True,reportado,Piñeres,https://www.diariodelcesar.com/archivos/345047/capturan-a-alias-pineres-cabecilla-del-clan-del-golfo/
2026-08-21,OTRO_GAO,,Nariño,Tumaco,EJERCITO|POLICIA,0,0,2,0,0,2,False,True,reportado,,https://www.eltiempo.com/justicia/conflicto-y-narcotrafico/seis-armas-y-mas-de-1-400-cartuchos-lo-que-entregaron-dos-integrantes-de-un-grupo-armado-en-tumaco-3580104
2026-08-21,DESCONOCIDO,,Magdalena,,ARMADA,0,0,0,0,0,0,False,True,reportado,,https://www.infobae.com/colombia/2026/08/21/golpe-a-las-rutas-del-narcotrafico-en-el-caribe-y-el-magdalena-incautan-arsenal-y-recuperan-embarcaciones-robadas-tras-operativo/
2026-08-21,CLAN_DEL_GOLFO,,Bolívar,Cartagena,POLICIA,0,3,0,0,0,3,False,True,corroborado,jefe de sicarios|marcador|transportador,https://www.diariodelsur.com.co/en-cesar-capturados-3-presuntos-miembros-del-clan-del-golfo-y-entre-ellos-alias-pineres/ | https://www.eluniversal.com.co/sucesos/2026/08/21/3-capturados-en-golpe-contra-el-clan-del-golfo-en-cartagena-entre-ellos-el-jefe-de-sicarios/
2026-08-21,OTRO_GAO,Frente Oliver Sinisterra,,Tumaco,EJERCITO|POLICIA,0,5,0,0,0,5,False,True,corroborado,,https://www.diariodelsur.com.co/cinco-capturados-y-explosivos-incautados-en-tumaco/ | https://canal1.com.co/noticias/nacional/capturan-a-coronel-del-ejercito-por-presuntos-nexos-con-grupos-armados/
2026-08-20,DESCONOCIDO,,Bolívar,,ARMADA,0,0,0,0,0,0,False,True,reportado,,https://cartagena.alerta.com.co/judiciales/armada-incauta-cargamento-de-droga-de-1-toneladas-en-aguas-de-bolivar-248928
2026-08-20,DESCONOCIDO,,,,EJERCITO|POLICIA,0,0,0,0,0,0,False,True,reportado,,https://gsnoticias.com/destruyen-tres-laboratorios-e-incautan-cerca-de-dos-toneladas-de-cocaina/
2026-08-20,DESCONOCIDO,,,,EJERCITO|POLICIA,0,0,0,0,0,0,False,True,reportado,,https://alternativacaribe.info/2026/08/20/golpe-al-narcoterrorismo-incautan-4-5-toneladas-de-cocaina-e-insumos-avaluados-en-usd-85-millones-en-putumayo-y-santander/
2026-08-20,CLAN_DEL_GOLFO,,,,ARMADA,0,0,0,0,0,0,False,True,reportado,,https://www.noticiasrcn.com/colombia/operativo-de-la-armada-en-el-magdalena-deja-cinco-embarcaciones-recuperadas-y-armas-incautadas-1052169
2026-08-20,CLAN_DEL_GOLFO,,Antioquia,,POLICIA,0,1,0,0,0,1,False,True,reportado,Sebas,https://qhubomedellin.com/actualidad/local/captura-de-alias-sebas-extorsionista-del-clan-del-golfo-DM40087765
2026-08-20,OTRO_GAO,Los Costeños,Cesar,Valledupar,POLICIA,0,1,0,0,0,1,False,True,reportado,Ever|Marino,https://laopinion.co/colombia/capturan-en-rionegro-alias-nando-senalado-hombre-de-confianza-de-castor-y-coordinador-de
2026-08-20,OTRO_GAO,Los Costeños,Antioquia,Rionegro,POLICIA,0,1,0,0,0,1,False,True,reportado,Dúber|El Indio|Nando,https://laopinion.co/colombia/capturan-en-rionegro-alias-nando-senalado-hombre-de-confianza-de-castor-y-coordinador-de | https://www.elcolombiano.com/antioquia/captura-alias-duber-en-lujosa-finca-de-canasgordas-antioquia-HN40188294
2026-08-20,OTRO_GAO,,,Cali,POLICIA,0,1,0,0,0,1,False,True,reportado,Indio,https://www.eltiempo.com/justicia/conflicto-y-narcotrafico/cayo-en-cali-alias-indio-senalado-cabecilla-del-narcotrafico-y-pedido-en-extradicion-por-ee-uu-3579629
2026-08-20,CLAN_DEL_GOLFO,Pacificadores del Samaná,Antioquia,Bello,POLICIA,0,0,0,0,0,0,False,True,reportado,,https://www.elcolombiano.com/antioquia/dos-embolsados-acercan-guerra-del-oriente-al-valle-de-aburra-CF40109128
2026-08-20,CLAN_DEL_GOLFO,Pacificadores del Samaná,Antioquia,Bello,POLICIA,0,4,0,0,0,4,False,True,reportado,,https://www.elcolombiano.com/antioquia/dos-embolsados-acercan-guerra-del-oriente-al-valle-de-aburra-CF40109128
2026-08-20,DESCONOCIDO,,,,,0,0,0,0,0,0,False,True,corroborado,,https://www.elheraldo.co/colombia/2026/08/20/presidente-de-la-espriella-confirma-el-decomiso-de-45-toneladas-de-cocaina/
2026-08-20,ELN,,Putumayo,,EJERCITO|POLICIA,0,0,0,0,0,0,False,True,corroborado,,https://www.diariodelsur.com.co/en-operaciones-en-putumayo-y-norte-de-santander-contra-el-eln-fuerza-publica-incauto-y-destruyo-45-toneladas-de-cocaina/
2026-08-20,OTRO_GAO,,Cesar,San Alberto,EJERCITO|POLICIA,0,0,0,0,0,0,True,True,confirmado,,https://www.ejercito.mil.co/golpeada-estructura-del-gao-autodefensas-conquistadoras-de-la-sierra-en-san-alberto-cesar-cuatro-capturados-entre-ellos-un-presunto-cabecilla
2026-08-20,DESCONOCIDO,,,,,0,0,0,0,0,0,False,True,corroborado,,https://gsnoticias.com/balance-de-ofensiva-contra-estructuras-criminales-en-15-dias-de-gobierno/ | https://www.elheraldo.co/colombia/2026/08/20/presidente-de-la-espriella-confirma-el-decomiso-de-45-toneladas-de-cocaina/
2026-08-20,DESCONOCIDO,,,,ARMADA,0,0,0,0,0,0,False,True,corroborado,,https://www.eluniversal.com.co/sucesos/2026/08/20/video-en-persecucion-frente-a-costas-de-bolivar-interceptan-lancha-y-capturan-a-3-hombres/ | https://www.ntn24.com/noticias-actualidad/duro-golpe-al-narcotrafico-armada-de-colombia-frustra-envio-de-mas-de-1-000-kilos-de-cocaina-643065
2026-08-20,ELN,,Cesar,San Alberto,EJERCITO|POLICIA,0,4,0,0,0,4,True,True,confirmado,Camilo|Cristian|Moisés|Winnie Pooh,https://www.ejercito.mil.co/golpeada-estructura-del-gao-autodefensas-conquistadoras-de-la-sierra-en-san-alberto-cesar-cuatro-capturados-entre-ellos-un-presunto-cabecilla | https://www.eltiempo.com/colombia/santander/el-es-alias-moises-y-su-historial-es-cabecilla-urbano-de-las-autodefensas-conquistadoras-de-la-sierra-que-delinquia-en-tres-departamentos-3579697 | https://www.vanguardia.com/colombia/2026/08/20/gaula-del-ejercito-capturo-a-presunto-cabecilla-de-las-autodefensas-conquistadoras-de-la-sierra/ | https://www.cgfm.mil.co/es/multimedia/noticias/operacion-de-inteligencia-militar-permitio-la-desmovilizacion-de-un-0 | https://www.cgfm.mil.co/es/multimedia/noticias/operacion-de-inteligencia-militar-permitio-la-desmovilizacion-de-un-integrante | https://laopinion.co/colombia/capturan-cuatro-integrantes-de-las-autodefensas-conquistadoras-de-la-sierra-en-san-alberto | https://www.agenciapi.co/noticia/regiones/golpe-las-autodefensas-conquistadoras-de-la-sierra-cuatro-capturados | https://www.ejercito.mil.co/en-el-cesar-la-decima-brigada-adelanta-operaciones-militares-contra-diferentes-estructuras-criminales | https://extra.com.co/en-cesar-capturados-3-presuntos-miembros-del-clan-del-golfo-y-entre-ellos-alias-pineres/ | https://www.vanguardia.com/judicial/2026/08/21/alias-moises-y-otros-tres-capturados-fueron-trasladados-a-bucaramanga/
2026-08-19,EMC,,,El Retorno,EJERCITO|POLICIA,0,1,0,0,0,1,False,True,reportado,El Viejo,https://www.cablenoticias.com/noticias/capturan-a-alias-el-viejo-senalado-de-proveer-armas-a-las-disidencias-en-el-sur-del-pais
2026-08-19,DESCONOCIDO,,Caquetá,,POLICIA,0,2,0,0,0,2,False,True,reportado,,https://larazon.co/fuerza-publica-incauto-mas-de-4-toneladas-de-marihuana-y-desmantelo-fabrica-de-explosivos-en-caqueta/
2026-08-19,DESCONOCIDO,,,,,0,0,0,0,0,0,False,True,reportado,,https://diarioahora.pe/peru/erradican-8000-has-de-cultivos-ilegales-de-coca/
2026-08-19,DESCONOCIDO,,Caquetá,,EJERCITO,0,0,0,0,0,0,False,True,reportado,,https://noticiasdelcesar.com/incautan-mas-de-4-toneladas-de-marihuana-y-neutralizan-fabrica-de-explosivos/
2026-08-19,EMBF,Estructura Rodrigo Cadete,Huila,,,0,0,0,0,0,0,False,True,reportado,,https://www.diariodelsur.com.co/mas-de-4-toneladas-de-marihuana-incautadas-en-la-via-neiva-y-desmantelo-fabrica-de-explosivos-en-caqueta/
2026-08-19,EMBF,,Caquetá,,EJERCITO|POLICIA,0,0,0,0,0,0,False,True,reportado,,https://www.eltiempo.com/justicia/conflicto-y-narcotrafico/doble-golpe-en-caqueta-incautan-cuatro-toneladas-de-marihuana-y-desmantelan-fabrica-de-explosivos-de-las-disidencias-de-calarca-3579378
2026-08-19,CLAN_DEL_GOLFO,,,Puerto Wilches,POLICIA,0,4,0,0,0,4,False,True,corroborado,Camilo|Cóndor|cabecilla financiero,https://co.headtopics.com/news/capturan-en-puerto-wilches-a-tres-presuntos-integrantes-del-86789371 | https://holamigente.co/santander/tres-presuntos-extorsionistas-del-clan-del-golfo-fueron-enviados-a-prision-en-puerto-wilches/ | https://www.bluradio.com/regiones/santanderes/a-la-carcel-tres-integrantes-del-clan-del-golfo-por-extorsion-a-ganaderos-en-santander-rg10 | https://caracol.com.co/2026/08/24/tres-presuntos-integrantes-del-eln-fueron-capturados-en-norte-de-santander/ | https://www.infobae.com/colombia/2026/08/26/capturan-a-cuatro-presuntos-integrantes-de-los-comandos-de-frontera-tras-operativo-de-la-fuerza-publica-en-putumayo/
2026-08-19,EMC,,Caquetá,Carmen de Atrato,EJERCITO|POLICIA,0,2,11,0,0,13,False,True,corroborado,Calarcá,https://www.eltiempo.com/unidad-investigativa/atencion-duro-golpe-a-las-disidencias-de-calarca-en-caqueta-capturan-a-dos-peligrosos-explosivistas-3579385 | https://www.pulzo.com/nacion/golpe-disidencias-farc-captura-cabecillas-caqueta-taller-explo-PP5278499 | https://www.elinformador.com.co/index.php/judiciales/72-judiciales-nacional/346254-ejercito-sometio-y-desarticulo-la-comision-34-de-las-disidencias-de-alias-calarca
2026-08-19,CLAN_DEL_GOLFO,Nicolás Antonio Urango Reyes,Sucre,Ovejas,EJERCITO|POLICIA,0,3,0,0,0,3,False,True,corroborado,Messi,https://724noticias.com.co/2026/08/19/golpe-clan-del-golfo-ovejas-sucre-captura-alias-messi/ | https://primertiempo.co/ciudadpt/capturan-a-tres-presuntos-integrantes-del-clan-del-golfo-en-ovejas-alias-messi-estaba-entre-los-mas-buscados/ | https://www.eluniversal.com.co/sucesos/2026/08/19/video-se-le-acabo-la-huida-a-messi-figuraba-entre-los-mas-buscados-de-bolivar/ | https://caracol.com.co/2026/08/19/cayo-alias-messi-uno-de-los-mas-buscados-de-bolivar-en-operativo-contra-el-clan-del-golfo/ | https://www.infobae.com/colombia/2026/08/19/cayo-alias-messi-uno-de-los-de-los-delincuentes-mas-buscados-de-bolivar-tras-operativo-contra-el-clan-del-golfo-en-sucre/ | https://www.elheraldo.co/colombia/2026/08/19/en-los-montes-de-maria-sucre-capturaron-a-tres-presuntos-integrantes-del-clan-del-golfo/
2026-08-18,OTRO_GAO,,,,ARMADA,0,0,0,0,0,0,False,True,reportado,,https://gsnoticias.com/armada-incauta-mas-de-14-toneladas-de-cocaina-durante-operativo-en-el-caribe-colombiano/
2026-08-18,OTRO_GAO,,Córdoba,Montería,POLICIA,0,1,0,0,0,1,False,True,reportado,el Zarco,https://www.elheraldo.co/colombia/2026/08/18/la-policia-capturo-en-monteria-a-alias-el-zarco-que-ira-a-pagar-condena/
2026-08-18,EMC,Estructura 36,Antioquia,Briceño,EJERCITO,0,0,0,0,0,0,False,True,reportado,,https://www.elcolombiano.com/colombia/captura-la-mona-explosivista-disidencias-primo-gay-briceno-antioquia-KB40053119
2026-08-18,ELN,,Norte de Santander,,EJERCITO|POLICIA,2,0,0,0,0,2,False,True,reportado,,https://www.elcolombiano.com/colombia/eln-secuestro-tres-policias-dijin-norte-santander-grafitis-farc-HG40025002
2026-08-18,OTRO_GAO,,Guaviare,El Retorno,EJERCITO|POLICIA,0,1,0,0,0,1,True,True,confirmado,,https://www.ejercito.mil.co/ejercito-nacional-y-policia-capturan-a-presunto-armero-de-la-estructura-primera-armando-rios-en-el-retorno-guaviare
2026-08-18,EMC,Estructura 36,Antioquia,Briceño,EJERCITO,0,0,0,0,0,0,False,True,corroborado,,https://www.elcolombiano.com/antioquia/captura-la-mona-explosivista-disidencias-primo-gay-briceno-antioquia-KB40053119 | https://www.elcolombiano.com/colombia/captura-la-mona-explosivista-disidencias-primo-gay-briceno-antioquia-KB40053119
2026-08-18,EMC,,,Santander de Quilichao,POLICIA,0,1,0,0,0,1,False,True,corroborado,Claudia|La India,https://www.elcolombiano.com/colombia/capturan-alias-claudia-principal-cabecilla-financiera-disidencias-ivan-mordisco-KC40062558 | https://www.eltiempo.com/justicia/conflicto-y-narcotrafico/capturan-a-alias-claudia-senalada-de-manejar-hasta-15-000-millones-al-mes-a-las-disidencias-de-ivan-mordisco-3579085 | https://www.elheraldo.co/colombia/2026/08/18/presidente-de-la-espriella-anuncia-captura-de-alias-claudia-cabecilla-financiera-de-las-disidencias-de-ivan-mordisco/ | https://www.bluradio.com/nacion/orden-publico/cayo-en-cauca-alias-claudia-quien-manejaba-las-finanzas-de-ivan-mordisco-y-era-su-mano-derecha-rg10 | https://www.elespectador.com/judicial/capturan-a-alias-claudia-jefa-de-finanzas-de-las-disidencias-de-alias-ivan-mordisco/ | https://www.lafm.com.co/orden-publico/capturan-a-alias-claudia-senalada-cabecilla-de-finanzas-de-la-estructura-criminal-de-ivan-mordisco-408255
2026-08-18,EMC,Estructura 36,Antioquia,Briceño,EJERCITO,2,0,1,0,0,3,False,True,corroborado,La Mona,https://www.elcolombiano.com/antioquia/captura-la-mona-explosivista-disidencias-primo-gay-briceno-antioquia-KB40053119 | https://www.elcolombiano.com/colombia/captura-la-mona-explosivista-disidencias-primo-gay-briceno-antioquia-KB40053119 | https://diariodelnorte.net/nacion/operacion-contra-disidencias-en-briceno-deja-sometida-a-alias-la-mona/ | https://diarioriente.com/antioquia/alias-la-mona.html | https://www.minuto60.com/colombia/rescate-cuatro-secuestrados-gomez-plata-antioquia-hoy/15660 | https://www.eltiempo.com/colombia/medellin/caen-drones-bomba-y-un-explosivista-de-las-disidencias-de-las-farc-en-briceno-golpe-frontal-al-aparato-explosivo-del-frente-3578895
2026-08-18,CLAN_DEL_GOLFO,Subestructura Jhon Fredy Orejuela,Chocó,,EJERCITO,0,1,0,0,0,1,True,True,confirmado,Alejo|Darío,https://www.ejercito.mil.co/ejercito-nacional-captura-a-alias-dario-o-alejo-segundo-cabecilla-de-la-subestructura-jhon-fredy-orejuela-del-clan-del-golfo-en-el-choco | https://caracol.com.co/2026/08/18/capturan-a-alias-dario-cabecilla-del-clan-del-golfo-en-choco/?outputType=amp | https://www.diariodelsur.com.co/choco-cayo-alias-dario-cabecilla-de-subestructura-del-clan-del-golfo-en-condoto/ | https://diariodelcauca.com.co/choco-cayo-alias-dario-cabecilla-de-subestructura-del-clan-del-golfo-en-condoto/
2026-08-17,DESCONOCIDO,,,,,0,0,0,0,0,0,False,True,reportado,,https://www.diariodecolombia.com/ofensiva-militar-en-colombia-deja-nueve-detenidos-y-una-fabrica-artesanal-de-municiones-desmantelada/
2026-08-17,DESCONOCIDO,,,,,0,9,0,0,0,9,False,True,reportado,,https://www.diariodecolombia.com/ofensiva-militar-en-colombia-deja-nueve-detenidos-y-una-fabrica-artesanal-de-municiones-desmantelada/
2026-08-17,OTRO_GAO,,,,ARMADA,0,0,0,0,0,0,False,True,reportado,,https://libertadmedia.com/la-armada-de-colombia-incauta-2-363-kilogramos-de-cocaina-y-captura-a-tres-personas-en-operacion-maritima-con-apoyo-de-ee-uu/
2026-08-17,OTRO_GAO,Frente Oliver Sinisterra,,,EJERCITO,0,5,0,0,0,5,False,True,reportado,,https://www.eluniversal.com.co/colombia/2026/08/17/abelardo-de-la-espriella-reporta-operativos-contra-el-frente-oliver-sinisterra-y-gao-r/
2026-08-17,SEGUNDA_MARQUETALIA,,Antioquia,Briceño,EJERCITO|POLICIA,0,0,1,0,0,1,False,True,reportado,La Mona,https://www.minuto30.com/cayo-alias-la-mona-en-briceno-la-senalan-de-manejar-drones-y-explosivos-de-las-disidencias/1716292/ | https://paisa.alerta.com.co/judiciales/antioquia-se-entrego-expareja-de-alias-primo-gay-248734
2026-08-17,OTRO_GAO,Carlos Patiño,Cauca,El Tambo,EJERCITO|POLICIA,0,0,0,0,0,0,False,True,reportado,,https://www.eltiempo.com/justicia/conflicto-y-narcotrafico/capturan-a-cuatro-presuntos-integrantes-de-la-estructura-carlos-patino-de-las-disidencias-de-mordisco-en-el-tambo-cauca-3578887
2026-08-17,OTRO_GAO,Carlos Patiño,Cauca,El Tambo,EJERCITO|POLICIA,0,4,0,0,0,4,False,True,reportado,,https://www.eltiempo.com/justicia/conflicto-y-narcotrafico/capturan-a-cuatro-presuntos-integrantes-de-la-estructura-carlos-patino-de-las-disidencias-de-mordisco-en-el-tambo-cauca-3578887
2026-08-16,EMC,,,,EJERCITO|POLICIA,0,0,0,0,0,0,False,True,reportado,,https://www.identidadcorrentina.com.ar/noticia/37470_golpe-al-eln-y-a-las-disidencias-destruyen-laboratorios-y-capturan-lderes-criminales.htm
2026-08-16,EMC,,,,EJERCITO|POLICIA,1,0,0,0,0,1,False,True,reportado,presunto explosivista,https://www.identidadcorrentina.com.ar/noticia/37470_golpe-al-eln-y-a-las-disidencias-destruyen-laboratorios-y-capturan-lderes-criminales.htm
2026-08-16,DESCONOCIDO,,,,ARMADA,0,0,0,0,0,0,False,True,reportado,,https://www.infobae.com/colombia/2026/08/16/golpe-al-narcotrafico-en-el-pacifico-armada-incauto-2363-kilos-de-cocaina-y-capturo-a-tres-hombres/
2026-08-16,DESCONOCIDO,,Cauca,,EJERCITO|POLICIA,0,0,0,0,0,0,False,True,corroborado,,https://www.identidadcorrentina.com.ar/noticia/37470_golpe-al-eln-y-a-las-disidencias-destruyen-laboratorios-y-capturan-lderes-criminales.htm
2026-08-16,CLAN_DEL_GOLFO,,Bolívar,Magangué,EJERCITO|POLICIA,0,1,0,0,0,1,False,True,corroborado,Chample,https://www.eltiempo.com/justicia/conflicto-y-narcotrafico/cayo-alias-chample-uno-de-los-mas-buscados-de-bolivar-y-senalado-integrante-del-clan-del-golfo-3578797 | https://www.laregional.net/cayo-chample-uno-de-los-mas-buscados-de-bolivar/
2026-08-16,ELN,Frente de Guerra Nororiental,Cesar,Pelaya,EJERCITO,0,0,0,1,0,1,True,True,confirmado,Barbas,https://www.cgfm.mil.co/es/multimedia/noticias/operacion-de-inteligencia-militar-permitio-la-desmovilizacion-de-un-0 | https://www.cgfm.mil.co/es/multimedia/noticias/operacion-de-inteligencia-militar-permitio-la-desmovilizacion-de-un-integrante | https://diariodelnorte.net/caribe/inteligencia-militar-permitio-la-desmovilizacion-de-integrante-del-eln-en-el-sur-del-cesar/ | https://noscogiolanoche.com/golpe-al-eln-alias-barbas-abandono-las-armas-en-el-sur-del-cesar/
2026-08-16,OTRO_GAO,,,,ARMADA,0,0,0,0,0,0,False,True,corroborado,,https://www.bluradio.com/judicial/armada-incauto-2-3-toneladas-de-cocaina-en-el-pacifico-tras-persecucion-a-una-lancha-rapida-rg10 | https://cronicadigital.co/armada-incauta-23-toneladas-de-cocaina-en-el-pacifico-surcolombiano/ | https://www.elheraldo.co/colombia/2026/08/16/armada-incauta-mas-de-dos-toneladas-de-cocaina-en-el-pacifico/
2026-08-15,DESCONOCIDO,,,,ARMADA,0,3,0,0,0,3,False,True,reportado,,https://buenaventuraenlinea.com/armada-de-colombia-incauta-mas-de-23-toneladas-de-clorhidrato-de-cocaina-en-operacion-de-interdiccion-maritima/
2026-08-15,CLAN_DEL_GOLFO,,,,EJERCITO|POLICIA,0,0,0,0,0,0,False,True,reportado,,https://elpublicotv.com/colombia-y-panama-despliegan-una-operacion-conjunta-en-la-espesa-selva-del-darien-para-erradicar-500-hectareas-de-droga-y-frenar-la-expansion-del-clan-del-golfo/
2026-08-15,DESCONOCIDO,,,Buenaventura,EJERCITO|POLICIA,0,0,0,0,0,0,False,True,reportado,,https://proclamadelpacifico.com/dron-detecta-presunta-droga-durante-vigilancia-en-buenaventura/
2026-08-15,DESCONOCIDO,,,Buenaventura,EJERCITO|POLICIA,0,6,0,0,0,6,False,True,reportado,,https://proclamadelpacifico.com/dron-detecta-presunta-droga-durante-vigilancia-en-buenaventura/
2026-08-15,OTRO_GAO,,Nariño,Tumaco,ARMADA,0,0,0,0,0,0,False,True,reportado,,https://www.eltiempo.com/justicia/conflicto-y-narcotrafico/ejercito-abatio-a-alias-momo-y-capturo-a-otros-dos-presuntos-integrantes-del-clan-del-golfo-3578640
2026-08-15,CLAN_DEL_GOLFO,Subestructura Manuel Alexánder Ariza,Antioquia,El Bagre,EJERCITO,0,0,0,0,0,0,True,True,confirmado,,https://www.cgfm.mil.co/es/multimedia/noticias/en-operaciones-militares-ejercito-neutraliza-importante-cabecilla-del-clan-del
2026-08-15,CLAN_DEL_GOLFO,,Antioquia,,EJERCITO,0,0,0,0,0,0,False,True,corroborado,,https://canal1.com.co/noticias/nacional/presidente-comunico-que-alias-momo-fue-abatido-en-operativo/ | https://elurbano.news/internacional/ejercito-de-colombia-reporta-operacion-contra-el-clan-del-golfo-y-armada-incauta-23-toneladas-de-cocaina/
2026-08-15,CLAN_DEL_GOLFO,Subestructura Manuel Alexánder Ariza,Antioquia,El Bagre,EJERCITO,0,0,0,0,0,0,True,True,confirmado,,https://www.cgfm.mil.co/es/multimedia/noticias/en-operaciones-militares-ejercito-neutraliza-importante-cabecilla-del-clan-del | https://724noticias.com.co/2026/08/15/golpe-clan-del-golfo-bajo-cauca-muere-alias-momo-capturan-alias-monica/
2026-08-15,CLAN_DEL_GOLFO,,Antioquia,Caucasia,EJERCITO,0,1,0,0,0,1,True,True,confirmado,Vanessa,https://www.cgfm.mil.co/es/multimedia/noticias/en-operaciones-militares-ejercito-neutraliza-importante-cabecilla-del-clan-del | https://www.ejercito.mil.co/en-operaciones-militares-ejercito-neutraliza-a-importante-cabecilla-del-clan-del-golfo-en-el-bajo-cauca-antioqueno | https://www.minuto30.com/cayo-alias-vanessa-la-senalan-de-reclutar-menores-para-el-clan-del-golfo-en-el-bajo-cauca/1716226/
2026-08-15,CLAN_DEL_GOLFO,,Antioquia,El Bagre,EJERCITO,0,0,0,0,0,0,False,True,corroborado,,https://www.elcolombiano.com/antioquia/ejercito-abatio-alias-momo-clan-del-golfo-bajo-cauca-antioquia-CE39976004 | https://www.minuto30.com/golpe-al-clan-del-golfo-en-antioquia-muere-alias-momo-y-capturan-a-monica-en-el-bagre/1716160/ | https://www.noticiasrcn.com/colombia/ejercito-da-de-baja-a-alias-momo-y-captura-a-cabecillas-del-clan-del-golfo-en-antioquia-1050555
2026-08-15,CLAN_DEL_GOLFO,,Antioquia,El Bagre,EJERCITO,0,2,0,0,0,2,False,True,corroborado,Chuzo|Mónica,https://www.elcolombiano.com/antioquia/ejercito-abatio-alias-momo-clan-del-golfo-bajo-cauca-antioquia-CE39976004 | https://www.infobae.com/colombia/2026/08/15/abelardo-de-la-espriella-confirmo-que-fue-abatido-momo-presunto-cabecilla-del-clan-del-golfo-en-antioquia/ | https://www.noticiasrcn.com/colombia/ejercito-da-de-baja-a-alias-momo-y-captura-a-cabecillas-del-clan-del-golfo-en-antioquia-1050555 | https://canaltropical.co/2026/08/15/cayo-alias-chuzo-senalado-cabecilla-que-habria-pasado-por-el-clan-del-golfo-y-las-disidencias/ | https://conexionnoticias.co/judicial/capturan-en-antioquia-a-alias-chuzo-cunado-de-gonzalito-y-senalado-de-desatar-una-cruenta-guerra-con-el-egc/ | https://zonacero.com/judiciales/cayo-alias-chuzo-presunto-cabecilla-del-clan-del-golfo-uno-de-los-mas-buscados-en | https://www.eltiempo.com/justicia/conflicto-y-narcotrafico/ejercito-abatio-a-alias-momo-y-capturo-a-otros-dos-presuntos-integrantes-del-clan-del-golfo-3578640 | https://canal1.com.co/noticias/nacional/presidente-comunico-que-alias-momo-fue-abatido-en-operativo/
2026-08-15,CLAN_DEL_GOLFO,,Antioquia,El Bagre,EJERCITO,1,0,0,0,0,1,True,True,confirmado,Momo,https://www.cgfm.mil.co/es/multimedia/noticias/en-operaciones-militares-ejercito-neutraliza-importante-cabecilla-del-clan-del | https://www.elcolombiano.com/antioquia/ejercito-abatio-alias-momo-clan-del-golfo-bajo-cauca-antioquia-CE39976004 | https://www.eltiempo.com/colombia/medellin/dan-de-baja-a-alias-momo-en-antioquia-un-presunto-cabecilla-del-clan-del-golfo-asi-lo-anuncio-el-presidente-de-colombia-abelardo-de-la-espriella-3578589 | https://www.eltiempo.com/justicia/conflicto-y-narcotrafico/ejercito-abatio-a-alias-momo-y-capturo-a-otros-dos-presuntos-integrantes-del-clan-del-golfo-3578640 | https://www.infobae.com/colombia/2026/08/15/abelardo-de-la-espriella-confirmo-que-fue-abatido-momo-presunto-cabecilla-del-clan-del-golfo-en-antioquia/ | https://www.semana.com/politica/articulo/abelardo-de-la-espriella-confirmo-que-el-ejercito-dio-de-baja-a-alias-momo-cabecilla-del-clan-del-golfo-estos-son-los-detalles/202644/ | https://www.elpais.com.co/judicial/autoridades-colombianas-confirman-que-fue-abatido-alias-momo-senalado-cabecilla-del-clan-del-golfo-en-antioquia-1518.html | https://724noticias.com.co/2026/08/15/golpe-clan-del-golfo-bajo-cauca-muere-alias-momo-capturan-alias-monica/ | https://canal1.com.co/noticias/nacional/presidente-comunico-que-alias-momo-fue-abatido-en-operativo/ | https://www.noticiasrcn.com/colombia/ejercito-da-de-baja-a-alias-momo-y-captura-a-cabecillas-del-clan-del-golfo-en-antioquia-1050555
2026-08-14,SEGUNDA_MARQUETALIA,Frente 36,Antioquia,Anorí,EJERCITO,0,0,2,0,0,2,False,True,reportado,Peluca|Toreto,https://www.bluradio.com/regiones/antioquia/explosivista-del-frente-36-de-las-disidencias-de-alias-calarca-se-entrego-al-ejercito-en-anori-rg10
2026-08-14,DESCONOCIDO,,Norte de Santander,Pamplona,POLICIA,0,1,0,0,0,1,False,True,reportado,José Andrés Clavijo,https://laopinion.co/judicial/capturan-en-pamplona-clavijo-senalado-de-manejar-explosivos-armas-y-drogas
2026-08-14,ELN,Comisión Omaira Montoya Henao,Arauca,Fortul,EJERCITO|POLICIA,0,0,0,0,0,0,False,True,reportado,,https://lavozdelcinaruco.com/capturan-en-fortul-a-dos-presuntos-integrantes-del-eln-y-les-incautan-armas-y-explosivos/
2026-08-14,DESCONOCIDO,,Nariño,,EJERCITO,1,0,0,0,0,1,False,True,reportado,,https://www.diariodelsur.com.co/golpe-en-cumbal-combates-contra-disidencias-dejan-un-muerto-y-destruccion-de-explosivos/
2026-08-14,EMC,frente Alán Rodríguez,,,CTI_FISCALIA,0,1,0,0,0,1,True,True,confirmado,Ever,https://www.policia.gov.co/noticia/capturado-por-reclutamiento-infantil
2026-08-14,OTRO_GAO,,Antioquia,,,0,1,0,0,0,1,False,True,corroborado,Chuzo|Matías,https://www.bluradio.com/regiones/antioquia/capturaron-en-el-nordeste-de-antioquia-a-alias-chuzo-senalado-disidente-de-calarca-rg10 | https://www.elcolombiano.com/antioquia/captura-alias-chuzo-guerra-grupos-armados-nordeste-antioquia-DH39943257 | https://noticaribe.co/cayo-alias-chuzo-presunto-cabecilla-de-grupo-armado-es-uno-de-los-mas-buscados-en-antioquia/
2026-08-14,DESCONOCIDO,,,,EJERCITO,0,0,0,0,0,0,False,True,corroborado,,https://doblellave.com/panama-y-colombia-trabajan-en-la-selva-del-darien-para-frenar-al-clan-del-golfo/ | https://es-us.noticias.yahoo.com/panam%C3%A1-colombia-trabajan-selva-dari%C3%A9n-000349628.html | https://www.abc.com.py/internacionales/2026/08/14/panama-y-colombia-trabajan-en-la-selva-del-darien-para-frenar-al-clan-del-golfo/
2026-08-13,ELN,,Norte de Santander,Tibú,EJERCITO|POLICIA,0,0,0,0,2,2,False,True,reportado,,https://vozrealities.com/operacion-militar-contra-el-eln-en-tibu-y-san-calixto-deja-dos-integrantes-neutralizados/
2026-08-13,EMC,,,,,0,3,0,0,0,3,False,True,reportado,,https://www.agenciapi.co/noticia/nuevo-gobierno/presidente-de-la-espriella-anuncia-rescate-de-secuestrado-tras-11-meses-y-lanzo-advertencia-disidencias-de-las-farc
2026-08-13,EMC,frente 36,Antioquia,Briceño,EJERCITO,0,0,0,0,0,0,False,True,reportado,,https://www.elcolombiano.com/antioquia/explosivista-se-entrega-hallan-14-artefactos-explosivos-ilegales-LA39933769
2026-08-13,EMC,,Antioquia,Anorí,EJERCITO,0,0,2,0,0,2,False,True,reportado,Peluca|Toreto,https://www.elcolombiano.com/antioquia/explosivista-se-entrega-hallan-14-artefactos-explosivos-ilegales-LA39933769
2026-08-13,ELN,,Norte de Santander,,EJERCITO,0,0,0,0,0,0,False,True,reportado,,https://www.elcolombiano.com/colombia/dos-soldados-resultaron-heridos-tras-ataque-del-eln-contra-base-militar-en-norte-de-santander-CD39902176
2026-08-13,ELN,residual 36 de las FARC y el ELN,Antioquia,Guamalito,EJERCITO,0,1,1,0,0,2,True,True,confirmado,explosivista,https://www.ejercito.mil.co/explosivista-de-la-estructura-mixta-del-residual-36-de-las-farc-y-el-eln-se-entrego-en-antioquia-al-ejercito | https://caracol.com.co/2026/09/14/policia-retomo-la-seguridad-en-guamalito-tras-despliegue-fue-capturado-explosivista-del-eln/
2026-08-13,EMC,Estructura Jhon Linares,Guaviare,El Retorno,EJERCITO,0,0,0,0,0,0,True,True,confirmado,,https://www.ejercito.mil.co/ejercito-nacional-genero-una-afectacion-de-mas-de-4200-millones-al-narcotrafico-en-guaviare
2026-08-13,ELN,Comisión Omaira Montoya Henao,Arauca,Fortul,EJERCITO,0,2,0,0,0,2,True,True,confirmado,,https://www.ejercito.mil.co/ejercito-nacional-capturo-en-fortul-arauca-a-dos-presuntos-integrantes-del-eln | https://lavozdelcinaruco.com/capturan-en-fortul-a-dos-presuntos-integrantes-del-eln-y-les-incautan-armas-y-explosivos/
2026-08-13,EMC,,,Jamundí,EJERCITO,1,0,0,0,0,1,False,True,corroborado,Max Max,https://caracol.com.co/2026/08/13/fue-abatido-alias-max-max-explosivista-de-las-disidencias-de-ivan-mordisco/ | https://www.semana.com/politica/articulo/abelardo-de-la-espriella-anuncia-nuevo-golpe-a-las-disidencias-de-ivan-mordisco-dan-de-baja-a-alias-max-max-y-lanzo-advertencia/202630/ | https://canaltrece.com.co/noticias/abelardo-de-la-espriella-anuncia-la-neutralizacion-de-alias-max-max-cabecilla-de-las-disidencias-de-ivan-mordisco/ | https://ifmnoticias.com/judicial/gobierno-confirma-abatimiento-de-alias-max-max-senalado-como-principal-explosivista-de-las-disidencias-de-ivan-mordisco/ | https://www.elespectador.com/judicial/murio-alias-max-max-disidente-de-las-farc-senalado-por-bomba-a-base-aerea-en-cali-en-2025/ | https://www.elcolombiano.com/colombia/asi-cayo-max-max-el-terrorista-que-ponia-bombas-en-atentados-ordenados-por-ivan-mordisco-AH39940880
2026-08-13,SEGUNDA_MARQUETALIA,Bloque Occidental Jacobo Arenas,Valle del Cauca,Jamundí,EJERCITO|POLICIA,1,0,0,0,0,1,False,True,corroborado,Max Max,https://www.bluradio.com/nacion/paz/abatido-alias-max-max-principal-explosivista-de-disidencias-de-ivan-mordisco-rg10 | https://www.elcolombiano.com/colombia/dieron-baja-explosivista-disidencias-ivan-mordisco-ED39902420 | https://www.eltiempo.com/justicia/conflicto-y-narcotrafico/alias-max-max-de-las-disidencias-de-ivan-mordisco-fue-abatido-en-jamundi-valle-del-cauca-asi-lo-informo-el-presidente-abelardo-de-la-espriella-3578056 | https://www.lafm.com.co/orden-publico/alias-max-max-senalado-cerebro-de-los-explosivos-de-las-farc-fue-dado-de-baja-en-jamundi-407736 | https://laopinion.co/colombia/ejercito-abatio-alias-max-max-principal-responsable-de-ataques-con-explosivos-de-las | https://www.minuto30.com/abatido-max-max-explosivista-jamundi/1716018/ | https://www.cronista.com/colombia/actualidad-co/presidente-de-la-espriella-anuncia-fuerte-golpe-a-las-disidencias-de-ivan-mordisco-cayo-alias-max-max-y-no-volvera-a-hacer-dano/ | https://www.pulzo.com/nacion/abaten-alias-max-max-principal-explosivista-disidencias-jamundi-PP5273410
2026-08-12,ELN,,,Tibú,EJERCITO|POLICIA,0,0,0,0,0,0,False,True,reportado,,https://h13n.com/operacion-beta-de-la-espriella-incursion-armada-eln-tibu/
2026-08-12,ELN,,Norte de Santander,,EJERCITO,0,0,0,0,0,0,False,True,reportado,,https://www.lasillavacia.com/en-vivo/dos-guerrilleros-muertos-en-primer-bombardeo-del-gobierno-de-abelardo/
2026-08-12,OTRO_GAO,,Tolima,,EJERCITO,0,0,2,0,0,2,False,True,reportado,,https://jeanoticias.com/dos-integrantes-de-grupo-armado-se-entregaron-ante-el-ejercito-en-el-sur-del-tolima/ | https://elcronista.co/actualidad/dos-mujeres-de-21-y-23-anos-se-entregaron-a-la-justicia-en-el-sur-del-tolima
2026-08-12,ELN,,,,EJERCITO,0,0,0,0,0,0,False,True,reportado,,https://www.infobae.com/colombia/2026/08/12/ministerio-de-defensa-nego-afectaciones-a-civiles-tras-una-denuncia-de-la-defensoria-del-pueblo-por-bombardeo-en-el-catatumbo/
2026-08-12,OTRO_GAO,,,La Boquilla,POLICIA,0,1,0,0,0,1,False,True,reportado,Hayder,https://caracol.com.co/2026/08/12/en-la-boquilla-la-policia-nacional-captura-a-alias-hayder-portando-un-arma-de-fuego-y-municiones/
2026-08-12,EMC,,,,,0,0,2,0,0,2,True,True,confirmado,,https://www.ejercito.mil.co/gracias-a-las-operaciones-sostenidas-en-el-sur-del-tolima-se-someten-a-la-justicia-dos-integrantes-del-gao-r-bloque-central-isaias-pardo | https://colombianews.info/colombia/andina/tolima/dos-integrantes-de-grupo-armado-se-someten-a-la-justicia-en-el-sur-del-tolima
2026-08-12,ELN,,Norte de Santander,,EJERCITO|POLICIA,0,0,0,0,0,0,False,True,corroborado,,https://caracol.com.co/2026/08/12/golpe-al-eln-en-norte-de-santander-dos-muertos-y-15-toneladas-de-explosivos-incautadas/ | https://laopinion.co/judicial/golpe-al-eln-en-el-catatumbo-dos-muertos-y-15-toneladas-de-explosivos-incautadas-en | https://www.uhnplus.com/fuerzas-militares-contra-el-eln-incautan-1-5-toneladas-de-explosivos-y-440-granadas-para-drones-en-norte-de-santander/
2026-08-12,ELN,,Norte de Santander,Tibú,EJERCITO|POLICIA,2,0,0,0,0,2,True,True,confirmado,,https://www.cgfm.mil.co/es/multimedia/noticias/fuerzas-militares-golpean-al-eln-en-norte-de-santander-y-neutralizan-importante | http://www.cgfm.mil.co/es/multimedia/noticias/fuerzas-militares-golpean-al-eln-en-norte-de-santander-y-neutralizan-importante | https://laopinion.co/judicial/golpe-al-eln-en-el-catatumbo-dos-muertos-y-15-toneladas-de-explosivos-incautadas-en | https://www.entornointeligente.com/fuerzas-militares-de-colombia-neutralizan-a-dos-presuntos-integrantes-del-eln-en-el-norte-de-santander/ | https://caracol.com.co/2026/08/12/golpe-al-eln-en-norte-de-santander-dos-muertos-y-15-toneladas-de-explosivos-incautadas/ | https://www.infobae.com/colombia/2026/08/12/ministerio-de-defensa-nego-afectaciones-a-civiles-tras-una-denuncia-de-la-defensoria-del-pueblo-por-bombardeo-en-el-catatumbo/ | https://diarioelregionaldelzulia.com/neutralizan-a-dos-presuntos-miembros-del-eln-e-incautan-15-toneladas-de-explosivos-en-el-catatumbo/ | https://ifmnoticias.com/colombia/gobierno-confirma-operacion-beta-contra-el-eln-en-el-catatumbo-dos-integrantes-fueron-neutralizados/ | https://360radio.com.co/un-mes-de-plazo-la-firmeza-que-colombia-llevaba-anos-esperando/230566/ | https://www.elcolombiano.com/colombia/abelardo-de-la-espriella-primer-bombardeo-eln-cuales-son-los-resultados-DB39832010 | https://www.lafm.com.co/orden-publico/fuerzas-militares-golpe-eln-norte-de-santander-explosivos-incautados-407610 | https://www.france24.com/es/minuto-a-minuto/20260812-primer-bombardeo-del-nuevo-gobierno-de-colombia-deja-dos-guerrilleros-muertos-y-civiles-heridos | https://www.lasillavacia.com/en-vivo/dos-guerrilleros-muertos-en-primer-bombardeo-del-gobierno-de-abelardo/ | https://www.elcolombiano.com/colombia/dos-soldados-resultaron-heridos-tras-ataque-del-eln-contra-base-militar-en-norte-de-santander-CD39902176
2026-08-11,DESCONOCIDO,,,,ARMADA,0,3,0,0,0,3,False,True,reportado,,https://www.uhnplus.com/estados-unidos-y-colombia-incautan-2-2-toneladas-de-cocaina-en-operacion-conjunta/
2026-08-11,OTRO_GAO,,Santander,Bucaramanga,POLICIA,0,2,0,0,0,2,False,True,reportado,d,https://www.bluradio.com/regiones/santanderes/capturan-a-dos-hermanos-y-hallan-arsenal-de-grupo-armado-en-santander-rg10
2026-08-11,DESCONOCIDO,,,,ARMADA,0,3,0,0,0,3,False,True,reportado,dos ciudadanos dominicanos|uno colombiano,https://cartagena.alerta.com.co/judiciales/narcos-lanzaron-cocaina-al-mar-durante-persecucion-en-el-caribe-248240
2026-08-11,ELN,,,,EJERCITO,0,0,0,0,0,0,False,True,reportado,,https://www.pulzo.com/nacion/primer-bombardeo-espriella-eln-fue-catatumbo-PP5271744
2026-08-11,CLAN_DEL_GOLFO,,Tolima,Mariquita,,0,5,0,0,0,5,False,True,reportado,,https://www.pulzo.com/nacion/capturan-a-cinco-presuntos-sicarios-del-clan-del-golfo-en-mariquita-tolima-detalles-del-operativo-PP5271219A
2026-08-11,DESCONOCIDO,,Huila,La Plata,EJERCITO|POLICIA,0,0,0,0,0,0,False,True,reportado,,https://www.diariodelsur.com.co/mas-de-28-500-dosis-de-marihuana-fueron-incautadas-en-el-occidente-del-huila/
2026-08-10,DESCONOCIDO,,,,EJERCITO|POLICIA,0,0,0,0,0,0,False,True,reportado,,https://zonadefensa.com/aire/colombia-intensifica-operaciones-contra-disidencias-y-el-clan-del-golfo/
2026-08-10,DESCONOCIDO,,Meta,,EJERCITO|POLICIA,0,0,0,0,0,0,False,True,reportado,,https://zonadefensa.com/aire/colombia-intensifica-operaciones-contra-disidencias-y-el-clan-del-golfo/
2026-08-10,EMC,,,,EJERCITO|POLICIA,4,0,0,0,0,4,False,True,reportado,cabecilla,https://actualidadradio.com/gobierno-de-colombia-anuncia-la-muerte-de-importante-cabecilla-de-disidencias-de-las-farc/
2026-08-10,CLAN_DEL_GOLFO,,,,EJERCITO|POLICIA,0,0,0,0,0,0,False,True,reportado,,https://opanoticias.com/noticias/golpes-a-estructuras-criminales-sacuden-a-meta-y-antioquia/455328
2026-08-10,OTRO_GAO,,,,EJERCITO|POLICIA,0,0,0,0,0,0,False,True,reportado,,https://www.bluradio.com/nacion/orden-publico/seis-cabecillas-de-grupos-armados-fueron-abatidos-en-operaciones-en-meta-y-antioquia-rg10
2026-08-10,EMC,Frente 4,Cauca,El Tambo,EJERCITO,5,0,0,0,0,5,False,True,reportado,,https://www.lafm.com.co/orden-publico/ofensiva-militar-cauca-combates-ejercito-ivan-mordisco-407312
2026-08-10,SEGUNDA_MARQUETALIA,Frente 28,,,EJERCITO|POLICIA,1,0,0,0,0,1,False,True,reportado,El Ruso|Russo,https://www.lafm.com.co/orden-publico/golpes-militares-a-disidencias-y-clan-del-golfo-407328 | https://www.lafm.com.co/orden-publico/fuerzas-militares-abaten-al-ruso-cabecilla-disidencias-farc-ivan-mordisco-407323
2026-08-10,DESCONOCIDO,,Meta,,EJERCITO|POLICIA,0,0,0,0,0,0,False,True,reportado,no mencionados,https://www.infobae.com/colombia/2026/08/10/abelardo-de-la-espriella-hace-balance-de-golpes-contra-disidencias-y-clan-del-golfo-en-su-primer-fin-de-semana-de-gobierno-no-habra-tregua/
2026-08-10,DESCONOCIDO,,,,,6,0,0,0,0,6,False,True,corroborado,,https://unitel.bo/noticias/agencias/de-la-espriella-presenta-su-primer-parte-de-resultados-contra-los-grupos-armados-ilegales-MF22727290 | https://www.laverdadpa.com/de-la-espriella-presenta-su-primer-parte-de-resultados-contra-los-grupos-armados-ilegales/
2026-08-10,CLAN_DEL_GOLFO,,Meta,Mapiripán,EJERCITO,6,0,0,0,0,6,False,True,corroborado,Aleman|Ruso|cabecillas,https://caracol.com.co/2026/08/10/6-integrantes-de-disidencias-de-las-farc-y-el-clan-del-golfo-fueron-abatidos-en-antioquia-y-meta/ | https://caracol.com.co/2026/08/10/6-integrantes-de-disidencias-de-las-farc-y-el-clan-del-golfo-fueron-abatidos-en-antioquia-y-meta/?outputType=amp | https://www.canal26.com/internacionales/2026/08/10/tension-en-colombia-6-miembros-de-grupos-armados-murieron-en-los-primeros-operativos-del-gobierno-de-de-la-espriella/ | https://www.meganoticias.mx/index.php/colima/noticia/abaten-al-ruso-jefe-de-disidencias-de-las-farc-en-colombia/758779 | https://www.bluradio.com/nacion/orden-publico/seis-cabecillas-de-grupos-armados-fueron-abatidos-en-operaciones-en-meta-y-antioquia-rg10 | https://clasarnoticias.com/no-habra-tregua-para-los-bandidos-de-la-espriella-reporta-golpes-contra-disidencias-y-clan-del-golfo/
2026-08-10,SEGUNDA_MARQUETALIA,,Antioquia,,EJERCITO,6,0,0,0,0,6,False,True,corroborado,,https://caracol.com.co/2026/08/10/6-integrantes-de-disidencias-de-las-farc-y-el-clan-del-golfo-fueron-abatidos-en-antioquia-y-meta/ | https://caracol.com.co/2026/08/10/6-integrantes-de-disidencias-de-las-farc-y-el-clan-del-golfo-fueron-abatidos-en-antioquia-y-meta/?outputType=amp | https://www.vanguardia.com/colombia/2026/08/10/golpe-a-disidencias-y-clan-del-golfo-deja-seis-muertos-en-meta-y-antioquia/
2026-08-10,EMC,Frente 28,,,EJERCITO|POLICIA,1,0,0,0,0,1,False,True,corroborado,Mordisco,https://confidencialnoticias.com/nacion/muere-en-combate-cabecilla-del-frente-28-de-las-disidencias-de-alias-mordisco/ | https://www.notimerica.com/politica/noticia-colombia-anuncia-muerte-cabecilla-frente-28-disidencias-mordisco-operacion-militar-20260810040327.html
2026-08-10,EMC,,La Guajira,Puerto Siare,ARMADA,0,3,0,0,0,3,False,True,corroborado,,https://guajiranews.com/judiciales/lo-ultimo-lancha-que-salio-de-la-guajira-fue-interceptada-con-165-kilos-de-cocaina-tres-personas-fueron-capturadas/ | https://www.eluniversal.com.co/sucesos/2026/08/10/video-incautan-165-kilos-de-droga-en-el-mar-caribe-fueron-arrojados-durante-la-persecucion/ | https://www.lafantasticaonline.com/2026/08/10/incautan-165-kilos-de-droga-en-el-mar-caribe-fueron-arrojados-durante-la-persecucion/ | https://www.eltiempo.com/justicia/conflicto-y-narcotrafico/asi-fue-la-emotiva-llamada-que-recibio-la-madre-de-empresario-rescatado-tras-11-meses-de-secuestro-en-mapiripan-meta-ya-estamos-sanos-y-salvos-3578374
2026-08-10,CLAN_DEL_GOLFO,Gabriel Poveda Ramos,Antioquia,Necoclí,EJERCITO|POLICIA,0,4,0,0,0,4,False,True,corroborado,,https://caracol.com.co/2026/08/10/ejercito-reporta-la-muerte-de-2-presuntos-miembros-del-clan-del-golfo-y-captura-de-4-en-antioquia/ | https://www.bluradio.com/regiones/antioquia/dos-abatidos-y-4-capturados-en-operativo-de-gobierno-de-la-espriella-al-clan-del-golfo-en-antioquia-rg10 | https://www.eltiempo.com/justicia/conflicto-y-narcotrafico/ejercito-nacional-y-armada-capturan-en-necocli-uraba-antioqueno-a-cuatro-presuntos-integrantes-del-clan-del-golfo-vinculados-al-narcotrafico-3577203 | https://www.infobae.com/colombia/2026/08/10/abelardo-de-la-espriella-hace-balance-de-golpes-contra-disidencias-y-clan-del-golfo-en-su-primer-fin-de-semana-de-gobierno-no-habra-tregua/ | https://paisa.alerta.com.co/judiciales/antioquia-cae-presunto-operador-de-drones-del-clan-del-golfo-en-remedios-248199 | https://www.elcolombiano.com/colombia/muerte-alias-ruso-estructura-28-disidencias-ivan-mordisco-meta-de-la-espriella-DI39758874 | https://www.elespectador.com/judicial/abelardo-de-la-espriella-confirma-la-muerte-de-jefes-de-disidencia-de-mordisco-y-del-clan-del-golfo-tras-operativos/ | https://laopinion.co/colombia/muere-alias-ruso-cabecilla-de-las-disidencias-de-ivan-mordisco-en-operacion-en-el-meta | https://clasarnoticias.com/no-habra-tregua-para-los-bandidos-de-la-espriella-reporta-golpes-contra-disidencias-y-clan-del-golfo/ | https://zonadefensa.com/aire/colombia-intensifica-operaciones-contra-disidencias-y-el-clan-del-golfo/ | https://www.bluradio.com/nacion/orden-publico/seis-cabecillas-de-grupos-armados-fueron-abatidos-en-operaciones-en-meta-y-antioquia-rg10
2026-08-10,CLAN_DEL_GOLFO,,Antioquia,,EJERCITO|POLICIA,2,0,0,0,0,2,False,True,corroborado,,https://caracol.com.co/2026/08/10/ejercito-reporta-la-muerte-de-2-presuntos-miembros-del-clan-del-golfo-y-captura-de-4-en-antioquia/ | https://www.bluradio.com/regiones/antioquia/dos-abatidos-y-4-capturados-en-operativo-de-gobierno-de-la-espriella-al-clan-del-golfo-en-antioquia-rg10 | https://www.elcolombiano.com/colombia/muerte-alias-ruso-estructura-28-disidencias-ivan-mordisco-meta-de-la-espriella-DI39758874 | https://www.elespectador.com/judicial/abelardo-de-la-espriella-confirma-la-muerte-de-jefes-de-disidencia-de-mordisco-y-del-clan-del-golfo-tras-operativos/ | https://laopinion.co/colombia/muere-alias-ruso-cabecilla-de-las-disidencias-de-ivan-mordisco-en-operacion-en-el-meta | https://www.radiosantafe.com/2026/08/10/fuerzas-militares-abatieron-a-alias-ruso-cabecilla-del-frente-38-de-disidencias-de-ivan-mordisco-y-dos-del-clan-del-golfo/
2026-08-09,OTRO_GAO,,Meta,,EJERCITO|POLICIA,0,1,0,0,0,1,False,True,reportado,Boni|Bonito,https://impactonews.co/se-les-acabo-la-impunidad-presidente-de-la-espriella-destaca-captura-de-segundo-cabecilla-de-comandos-de-frontera/ | https://www.diariodelsur.com.co/abelardo-de-la-espriella-confirma-captura-de-cabecilla-de-los-comandos-de-frontera/ | https://diariolalibertad.com/2026/08/19/capturan-a-alias-bonito-senalado-cabecilla-de-comandos-de-frontera-y-presunto-responsable-de-crimenes-contra-lideres-en-putumayo/
2026-08-09,EMC,,,,,6,0,0,0,0,6,False,True,reportado,,https://zonacero.com/generales/6-integrantes-de-disidencias-de-las-farc-y-el-clan-del-golfo-abatidos-en-primeras-48
2026-08-09,EMC,,,,EJERCITO,0,1,0,0,0,1,False,True,reportado,Bonito,https://www.infobae.com/colombia/2026/08/09/nuevo-golpe-a-los-grupos-armados-capturado-alias-bonito-cabecilla-de-los-comandos-de-frontera/
2026-08-09,OTRO_GAO,,Meta,Guamal,EJERCITO|POLICIA,0,0,0,0,0,0,True,True,confirmado,,https://www.ejercito.mil.co/ejercito-nacional-capturo-en-guamal-meta-a-presunto-segundo-cabecilla-de-los-comandos-de-frontera
2026-08-09,ELN,,Santander,Lebrija,POLICIA,2,0,0,0,0,2,False,True,corroborado,Manchado|Negro Yolbert,https://caracol.com.co/2026/08/09/dos-integrantes-del-eln-fueron-dados-de-baja-en-operativo-policial-en-santander/ | https://www.bluradio.com/regiones/santanderes/golpe-a-ruta-de-cocaina-hacia-bucaramanga-mueren-dos-presuntos-integrantes-del-eln-en-lebrija-rg10 | https://metropolitano.com.co/golpe-al-eln-en-lebrija-afectaria-rutas-de-droga/
2026-08-09,EMC,frente 28,Meta,,EJERCITO|POLICIA,1,0,0,0,0,1,False,True,corroborado,El Ruso,https://www.diariodelsur.com.co/fuerzas-militares-abatieron-en-meta-a-alias-el-ruso-senalado-cabecilla-del-frente-28-de-las-disidencias/ | https://elfrente.com.co/cayo-alias-el-ruso-senalado-cabecilla-del-frente-28-de-las-disidencias-de-mordisco/ | https://www.vanguardia.com/colombia/2026/08/10/golpe-a-disidencias-y-clan-del-golfo-deja-seis-muertos-en-meta-y-antioquia/ | https://www.infobae.com/colombia/2026/08/10/de-la-espriella-confirma-golpe-a-las-disidencias-fuerzas-militares-abatieron-a-alias-el-ruso-en-guaviare/ | https://enfoqueregional.co/2026/08/10/abatido-alias-el-ruso-cabecilla-del-frente-28/ | https://www.minuto60.com/colombia/cayo-el-ruso-ejercito-abatio-cabecilla-mordisco-guaviare/13244
2026-08-09,EMC,Estructura 28,Meta,Mapiripán,EJERCITO|POLICIA,4,0,0,0,0,4,True,True,confirmado,Alemán|Ruso,https://www.cgfm.mil.co/es/multimedia/noticias/muerto-en-desarrollo-de-operaciones-militares-alias-ruso-principal-cabecilla-de | http://www.cgfm.mil.co/es/multimedia/noticias/muerto-en-desarrollo-de-operaciones-militares-alias-ruso-principal-cabecilla-de | https://www.elcolombiano.com/colombia/muerte-alias-ruso-estructura-28-disidencias-ivan-mordisco-meta-de-la-espriella-DI39758874 | https://www.elcolombiano.com/colombia/quien-era-alias-ruso-cabecilla-disidencias-abatido-ejercito-DI39759587 | https://laopinion.co/colombia/muere-alias-ruso-cabecilla-de-las-disidencias-de-ivan-mordisco-en-operacion-en-el-meta | https://opanoticias.com/noticias/golpes-a-estructuras-criminales-sacuden-a-meta-y-antioquia/455328 | https://www.radiosantafe.com/2026/08/10/fuerzas-militares-abatieron-a-alias-ruso-cabecilla-del-frente-38-de-disidencias-de-ivan-mordisco-y-dos-del-clan-del-golfo/ | https://www.elnacional.com/2026/08/de-la-espriella-presento-su-primer-parte-de-resultados-contra-los-grupos-armados-ilegales/
2026-08-09,SEGUNDA_MARQUETALIA,Comandos de Frontera,Meta,Guamal,EJERCITO|POLICIA,0,1,0,0,0,1,False,True,corroborado,Boni|Bonito|Héctor Orlando Bastidas Bravo,https://www.elcolombiano.com/colombia/captura-alias-boni-segunda-marquetalia-meta-abelardo-espriella-DJ39746647 | https://lavozdelcinaruco.com/atencion-trasladan-a-bogota-a-boni-cabecilla-de-la-segunda-marquetalia-capturado-en-meta/ | https://elmetro.co/golpe-segunda-marquetalia-capturado-boni-o-bonito/ | https://nacionllanera.com/capturan-en-meta-a-alias-boni-senalado-mando-de-los-comandos-de-frontera/ | https://www.radiohoy.com/2026/08/09/trasladan-a-bogota-a-boni-cabecilla-de-la-segunda-marquetalia-capturado-en-meta/806817/ | https://diariolalibertad.com/2026/08/09/presidente-de-la-espriella-confirma-la-captura-de-boni-cabecilla-de-la-segunda-marquetalia/ | https://www.elnuevosiglo.com.co/nacion/cayo-alias-boni-el-no-2-de-los-comandos-de-frontera
2026-08-09,SEGUNDA_MARQUETALIA,Comandos de Frontera,Meta,Guamal,EJERCITO|POLICIA,0,3,0,0,0,3,True,True,corroborado,Boni|Bonito|Iván Mordisco|Mordisco,https://www.bluradio.com/nacion/alias-bonito-se-realizo-varias-cirugias-para-cambiar-su-apariencia-confirma-el-ejercito-so35 | https://www.bluradio.com/nacion/orden-publico/capturan-a-alias-bonito-segundo-cabecilla-de-los-comandos-de-frontera-rg10 | https://www.elespectador.com/judicial/capturan-a-alias-bonito-uno-de-los-jefes-criminales-de-comandos-de-frontera-en-meta/ | https://laopinion.co/sucesos/capturan-bonito-senalado-como-segundo-jefe-de-los-comandos-de-frontera | https://cronicadelquindio.com/actualidad/colombia/capturan-en-meta-a-alias-boni-senalado-segundo-cabecilla-de-comandos-de-frontera/ | https://diarioriente.com/nacional/capturan-en-el-me.html | https://larazon.co/a-los-delincuentes-se-les-acabo-la-impunidad-de-la-espriella-tras-captura-de-alias-bonito/ | https://nacioncolombia.com/operativo-en-meta-deja-detenido-a-alias-boni-senalado-mando-de-los-comandos-de-f/ | https://www.noticierodelllano.com/2026/08/capturan-en-guamal-senalado-segundo.html | https://www.uhnplus.com/de-la-espriella-confirma-la-captura-del-segundo-cabecilla-de-los-comandos-de-frontera/ | https://www.eltiempo.com/justicia/conflicto-y-narcotrafico/atencion-el-presidente-abelardo-de-la-espriella-reporta-la-captura-del-segundo-cabecilla-de-los-comandos-de-frontera-en-meta-3577056 | https://www.lafm.com.co/orden-publico/gaula-militar-captura-alias-bonito-cabecilla-comandos-de-frontera-407273 | https://www.kienyke.com/regiones/quien-es-alias-bonito-cabecilla-capturado-en-meta | https://desdeelcerro.com/en-zona-rural-de-guamal-cayo-alias-boni-senalado-segundo-cabecilla-de-los-comandos-de-frontera/ | https://www.vanguardia.com/colombia/2026/08/09/presidente-de-la-espriella-confirma-golpe-a-la-segunda-marquetalia-cayo-alias-boni/ | https://laopinion.co/region/rescatan-en-meta-pamplones-que-llevaba-11-meses-secuestrado-por-disidencias-de-las-farc | https://larazon.co/ejercito-reporta-liberacion-de-secuestrado-y-rescate-de-una-menor-de-las-disidencias/ | https://www.ejercito.mil.co/ejercito-nacional-capturo-en-guamal-meta-a-presunto-segundo-cabecilla-de-los-comandos-de-frontera | http://www.cgfm.mil.co/es/multimedia/noticias/ejercito-nacional-capturo-en-guamal-meta-presunto-segundo-cabecilla-de-los | https://www.elpais.com.co/judicial/gobierno-anuncia-primer-resultado-contra-el-crimen-capturan-a-alias-bonito-senalado-disidente-de-las-farc-que-opera-en-el-meta-0820.html | https://caracol.com.co/2026/08/09/atencion-trasladan-a-bogota-a-boni-cabecilla-de-la-segunda-marquetalia-capturado-en-meta/ | https://caracol.com.co/2026/08/14/presidente-de-la-espriella-confirmo-golpe-a-disidencias-de-mordisco-en-meta-3-miembros-capturados/ | https://www.elespectador.com/judicial/hombre-secuestrado-hace-11-meses-fue-liberado-en-operacion-contra-las-disidencias-en-meta/
2026-08-08,DESCONOCIDO,,Huila,La Plata,EJERCITO|POLICIA,0,0,0,0,0,0,True,True,confirmado,,https://www.cgfm.mil.co/es/multimedia/noticias/mas-de-28500-dosis-de-marihuana-fueron-sacadas-de-circulacion-en-el-occidente | http://www.cgfm.mil.co/es/multimedia/noticias/mas-de-28500-dosis-de-marihuana-fueron-sacadas-de-circulacion-en-el-occidente
2026-08-08,DESCONOCIDO,,Huila,La Plata,EJERCITO|POLICIA,0,2,0,0,0,2,True,True,confirmado,,https://www.cgfm.mil.co/es/multimedia/noticias/mas-de-28500-dosis-de-marihuana-fueron-sacadas-de-circulacion-en-el-occidente | http://www.cgfm.mil.co/es/multimedia/noticias/mas-de-28500-dosis-de-marihuana-fueron-sacadas-de-circulacion-en-el-occidente
2026-08-08,SEGUNDA_MARQUETALIA,,Caquetá,Belén de los Andaquíes,EJERCITO,1,1,0,0,0,2,True,True,corroborado,Alexis Perdomo|El Tigre,https://www.infobae.com/colombia/2026/08/08/abatieron-en-combate-al-presunto-cabecilla-financiero-de-la-segunda-marquetalia-en-caqueta/ | https://laopinion.co/sucesos/abatido-alias-alexis-perdomo-senalado-jefe-financiero-de-la-segunda-marquetalia | https://www.elcolombiano.com/colombia/segunda-marquetalia-caqueta-neutralizan-alias-alexis-perdomo-OO39739456 | https://laopinion.co/sucesos/capturan-bonito-senalado-como-segundo-jefe-de-los-comandos-de-frontera | https://www.ejercito.mil.co/gaula-militares-asestaron-contundente-golpe-a-las-finanzas-de-la-segunda-marquetalia-en-caqueta | https://nacioncolombia.com/golpe-a-las-finanzas-de-la-segunda-marquetalia-gaula-militar-neutraliza-a-presun/ | https://www.eltiempo.com/justicia/conflicto-y-narcotrafico/los-panfletos-con-los-que-alias-alexis-perdomo-citaba-a-sus-victimas-para-exigirles-hasta-100-millones-en-caqueta-y-huila-3577119 | https://www.eltiempo.com/unidad-investigativa/atencion-cae-en-caqueta-poderoso-cabecilla-financiero-de-la-segunda-marquetalia-buscado-por-terrorismo-y-extorsion-3577149
2026-08-08,SEGUNDA_MARQUETALIA,,Cauca,Miranda,EJERCITO,0,1,0,0,0,1,False,True,corroborado,Menor,https://desopinion.com/alias-menor-disidencias-farc-capturado-cauca/ | https://www.collector.com.tr/1006950640/alias-menor-presunto-integrante-de-la-estructura-dagoberto-ramos-de-las-farc-fue | https://www.collector.com.tr/1006951401/alias-menor-presunto-integrante-de-la-estructura-dagoberto-ramos-de-las-farc-fue | https://www.collector.com.tr/1006951591/alias-menor-presunto-integrante-de-la-estructura-dagoberto-ramos-de-las-farc-fue | https://www.identidadcorrentina.com.ar/noticia/36788_golpe-a-las-disidencias-en-cauca-capturan-a-alias-menor.htm | https://caracol.com.co/2026/08/05/el-ejercito-capturo-en-el-norte-del-cauca-a-alias-menor-integrante-de-las-disidencias-de-las-farc/ | https://www.infobae.com/colombia/2026/08/07/alias-menor-presunto-integrante-de-la-estructura-dagoberto-ramos-de-las-farc-fue-capturado-en-el-norte-del-cauca/
2026-08-07,OTRO_GAO,,Nariño,Tumaco,EJERCITO,0,0,0,0,0,0,False,True,reportado,,https://www.infobae.com/colombia/2026/08/07/golpe-a-la-coordinadora-nacional-ejercito-bolivariano-18-integrantes-se-entregaron-y-recuperaron-a-2-menores/
2026-08-07,OTRO_GAO,Coordinadora Nacional Ejército Bolivariano,Nariño,Tumaco,EJERCITO,0,0,0,0,0,0,True,True,confirmado,,https://www.cgfm.mil.co/es/multimedia/noticias/16-integrantes-del-grupo-armado-residual-coordinadora-nacional-ejercito
2026-08-07,ELN,,Magdalena,,EJERCITO|POLICIA,0,1,0,0,0,1,False,True,corroborado,Yender,https://www.bluradio.com/regiones/santanderes/cayo-alias-yender-presunto-responsable-de-coordinar-crimenes-del-eln-en-el-magdalena-medio-rg10 | https://elfrente.com.co/cayo-alias-yender-senalado-integrante-del-eln-era-buscado-por-homicidios-de-lideres-sociales-y-extorsiones-en-magdalena-medio/ | https://metropolitano.com.co/capturan-a-yender-cabecilla-del-eln-en-el-magdalena-medio/ | https://elfrente.com.co/capturado-enlace-de-finanzas-del-eln-en-el-magdalena-medio/
2026-08-06,EMC,frente Adán Izquierdo,Valle del Cauca,El Cerrito,EJERCITO,0,0,0,0,0,0,False,True,reportado,,https://www.elcolombiano.com/colombia/combates-ejercito-disidencias-ivan-mordisco-el-cerrito-JL39670238
2026-08-06,EMC,frente Adán Izquierdo,Valle del Cauca,El Cerrito,EJERCITO,0,1,0,0,0,1,False,True,reportado,,https://www.elcolombiano.com/colombia/combates-ejercito-disidencias-ivan-mordisco-el-cerrito-JL39670238
2026-08-06,EMC,frente Adán Izquierdo,Valle del Cauca,El Cerrito,EJERCITO,1,0,0,0,0,1,False,True,reportado,,https://www.elcolombiano.com/colombia/combates-ejercito-disidencias-ivan-mordisco-el-cerrito-JL39670238
2026-08-06,OTRO_GAO,Los Flacos,Valle del Cauca,Ansermanuevo,POLICIA,1,0,0,0,0,1,True,True,confirmado,,https://www.policia.gov.co/noticia/cae-presunto-integrante-los-flacos-armado-con-fusil-guerra-municion-tras-enfrentamiento-en
2026-08-05,DESCONOCIDO,,La Guajira,Riohacha,POLICIA,0,0,0,0,0,0,False,True,reportado,,https://diariodelnorte.net/judiciales/incautan-81-kilos-de-cocaina-avaluados-en-445-millones-en-zona-rural-de-riohacha/
2026-08-05,DESCONOCIDO,,Bolívar,Cartagena,POLICIA,0,0,0,0,0,0,False,True,reportado,,https://www.eluniversal.com.co/sucesos/2026/08/05/video-importante-hallazgo-en-el-puerto-de-cartagena-esto-es-lo-que-iban-a-enviar-a-espana/
2026-08-05,DESCONOCIDO,,Guaviare,,EJERCITO,0,0,0,0,0,0,False,True,reportado,,https://www.eltiempo.com/justicia/conflicto-y-narcotrafico/ejercito-ubica-campamento-con-capacidad-para-120-hombres-y-golpea-red-logistica-de-las-disidencias-de-calarca-en-guaviare-3576485
2026-08-05,DESCONOCIDO,,Cauca,,POLICIA,0,0,0,0,0,0,True,True,confirmado,,https://www.policia.gov.co/noticia/policia-incauta-una-tonelada-cocaina-camuflada-entre-carga-cemento-en-cauca
2026-08-05,CLAN_DEL_GOLFO,,,,,0,3,0,0,0,3,False,True,corroborado,,https://724noticias.com.co/2026/08/04/capturados-tres-presuntos-integrantes-clan-del-golfo-cordoba-egc/ | https://gsnoticias.com/capturaron-a-tres-presuntos-integrantes-del-clan-del-golfo-en-cordoba/
2026-08-05,SEGUNDA_MARQUETALIA,Estructura Teófilo Forero,Huila,Acevedo,EJERCITO|POLICIA,0,0,3,0,0,3,False,True,corroborado,,https://diariodelhuila.com/segunda-marquetalia-sometimiento-acevedo-huila/ | https://nacionhuilense.com/tres-integrantes-de-la-segunda-marquetalia-se-sometieron-a-la-justicia-en-huila/ | https://www.lanacion.com.co/tres-integrantes-de-la-segunda-marquetalia-se-sometieron-a-la-justicia/
2026-08-05,CLAN_DEL_GOLFO,,Antioquia,Zaragoza,EJERCITO,0,1,0,0,0,1,False,True,corroborado,El Tuerto,https://www.bluradio.com/regiones/antioquia/cayo-jefe-de-finanzas-del-clan-del-golfo-en-zaragoza-antioquia-intento-sobornar-al-ejercito-rg10 | https://www.infobae.com/colombia/2026/08/06/capturado-cabecilla-financiero-del-clan-del-golfo-con-mas-de-1000-millones-en-efectivo-asi-fue-el-operativo/ | https://www.lafm.com.co/orden-publico/captura-alias-tuerto-zaragoza-407023 | https://www.diariodelsur.com.co/cayo-alias-el-tuerto-jefe-financiero-del-clan-del-golfo-con-mas-de-1-000-millones-en-efectivo/ | https://724noticias.com.co/2026/08/05/golpe-clan-del-golfo-incautan-mil-millones-capturan-cabecilla-financiero-antioquia/ | https://h13n.com/zaragoza-alias-tuerto-mas-de-mil-millones-efectivo/ | https://impactonews.co/senalado-jefe-financiero-del-clan-del-golfo-fue-capturado-con-1-000-millones-quiso-sobornar-a-una-oficial/ | https://noticaribe.co/cae-alias-el-tuerto-cabecilla-del-clan-del-golfo-tenia-mas-de-mil-millones-de-pesos-en-efectivo/ | https://noticiaselboom.com/decomisan-mas-de-1-000-millones-y-frustran-un-soborno-de-500-millones-en-zaragoza/ | https://www.llaveinformativa.com/capturan-en-zaragoza-a-presunto-cabecilla-financiero-del-clan-del-golfo-con-mas-de-1-000-millones-en-efectivo/
2026-08-04,DESCONOCIDO,,,,EJERCITO|POLICIA,0,0,0,0,0,0,False,True,reportado,,https://hch.tv/ahi-no-hay-sequia-aseguran-31500-arbustos-de-hoja-de-coca-en-tres-plantaciones-de-colon/
2026-08-04,DESCONOCIDO,,Bolívar,Cartagena,POLICIA,0,0,0,0,0,0,False,True,reportado,,https://www.esova.co/policia-incauta-499-kilos-de-cocaina-en-el-puerto/
2026-08-04,DESCONOCIDO,,Tolima,,POLICIA,0,0,0,0,0,0,False,True,reportado,,https://analisisurbano.org/video-incautan-592-kilos-de-cocaina-ocultos-en-canastillas-con-pescado-en-la-via-neiva-castilla/
2026-08-04,OTRO_GAO,Comuneros del Sur,Nariño,Mallama,EJERCITO|POLICIA,2,0,0,0,0,2,False,True,reportado,cabecillas,https://www.infobae.com/colombia/2026/08/04/fuerzas-militares-neutralizaron-dos-cabecillas-de-los-comuneros-del-sur-en-narino-confirmo-el-ministro-de-defensa-golpe-contundente/
2026-08-04,CLAN_DEL_GOLFO,Subestructura Ferney Antonio López,Cesar,Chimichagua,EJERCITO|POLICIA,0,1,0,0,0,1,True,True,corroborado,Román,https://diariodelnorte.net/caribe/capturan-en-el-cesar-a-alias-roman-presunto-cabecilla-financiero-del-clan-del-golfo/ | https://www.diariodelcesar.com/archivos/344242/envian-a-la-carcel-a-alias-roman/ | https://www.ejercito.mil.co/en-el-cesar-fue-capturado-alias-roman-presunto-cabecilla-del-gao-clan-del-golfo | https://www.noticiasrcn.com/colombia/capturado-alias-roman-cabecilla-del-clan-del-golfo-en-cesar-1049336
2026-08-04,CLAN_DEL_GOLFO,subestructura Edgar Madrid Benjumea,Santander,,EJERCITO,0,3,0,0,0,3,False,True,corroborado,,https://www.bluradio.com/regiones/santanderes/capturan-a-tres-presuntos-integrantes-del-clan-del-golfo-por-extorsion-en-santander-rg10 | https://melodiaenlinea.com/noticias/capturan-en-santander-a-tres-presuntos-integrantes-del-clan-del-golfo-senalados-de-extorsion/ | https://www.antioquiacritica.com/caen-integrantes-clan-del-golfo-santander/ | https://www.vanguardia.com/judicial/2026/08/04/capturan-en-santander-a-tres-integrantes-del-clan-del-golfo-que-extorsionaban-a-ganaderos-y-comerciantes/
2026-08-03,CLAN_DEL_GOLFO,subestructura Gonzalo Oquendo Orrego,Casanare,,POLICIA,0,1,0,0,0,1,False,True,reportado,Chuchanga,https://prensalibrecasanare.com/judicial/57655-capturado-alias-chuchanga-sesalado-cabecilla-del-clan-del-golfo-en-casanare.html
2026-08-03,DESCONOCIDO,,,Cali,EJERCITO|POLICIA,0,0,0,0,0,0,False,True,reportado,,https://meridianoregional.com/497-kilos-de-cocaina-incautados-en-cali-iban-rumbo-al-exterior/
2026-08-03,OTRO_GAO,Oficina del Norte del Valle,,La Unión,POLICIA,0,0,0,0,0,0,False,True,reportado,,https://meridianoregional.com/497-kilos-de-cocaina-incautados-en-cali-iban-rumbo-al-exterior/
2026-08-03,DESCONOCIDO,,,Mercaderes,EJERCITO,0,2,0,0,0,2,False,True,reportado,,https://meridianoregional.com/497-kilos-de-cocaina-incautados-en-cali-iban-rumbo-al-exterior/
2026-08-03,DESCONOCIDO,,,Mercaderes,EJERCITO,3,0,0,0,0,3,False,True,reportado,Carlitos|Lalo,https://meridianoregional.com/497-kilos-de-cocaina-incautados-en-cali-iban-rumbo-al-exterior/ | https://www.noticiasrcn.com/colombia/ejercito-identifica-a-alias-lalo-cabecilla-y-miembro-de-mesa-de-paz-entre-abatidos-en-combates-en-cauca-1046772
2026-08-03,OTRO_GAO,,Nariño,Mallama,EJERCITO,0,1,0,0,0,1,False,True,reportado,miembro del grupo armado organizado,https://www.eltiempo.com/colombia/cali/tres-muertos-y-una-mujer-capturada-dejan-operaciones-del-ejercito-contra-comuneros-del-sur-en-narino-3575857 | https://www.infobae.com/colombia/2026/08/04/fuerzas-militares-neutralizaron-dos-cabecillas-de-los-comuneros-del-sur-en-narino-confirmo-el-ministro-de-defensa-golpe-contundente/
2026-08-03,EMC,,,Tumaco,EJERCITO,0,0,0,0,0,0,False,True,reportado,,https://www.vanguardia.com/colombia/2026/08/03/golpe-a-una-disidencia-de-las-farc-16-integrantes-se-entregaron-al-ejercito/
2026-08-03,ELN,Comuneros del Sur,Nariño,Mallama,EJERCITO,0,0,0,0,0,0,False,True,reportado,,https://www.bluradio.com/regiones/pacifico/operacion-militar-en-narino-deja-tres-cabecillas-del-eln-muertos-y-una-mujer-capturada-rg10
2026-08-03,ELN,Comuneros del Sur,Nariño,Mallama,EJERCITO,0,1,0,0,0,1,False,True,reportado,,https://www.bluradio.com/regiones/pacifico/operacion-militar-en-narino-deja-tres-cabecillas-del-eln-muertos-y-una-mujer-capturada-rg10
2026-08-03,ELN,Comuneros del Sur,Nariño,Mallama,EJERCITO,2,0,0,0,0,2,False,True,reportado,Carlitos|Lalo,https://www.bluradio.com/regiones/pacifico/operacion-militar-en-narino-deja-tres-cabecillas-del-eln-muertos-y-una-mujer-capturada-rg10 | https://www.diariodelsur.com.co/golpe-contundente-al-eln-en-narino-abatidos-alias-lalo-y-carlitos-cabecillas-de-los-comuneros-del-sur/
2026-08-03,OTRO_GAO,,Bolívar,,POLICIA,0,9,0,0,0,9,False,True,reportado,mencionados,https://caracol.com.co/2026/08/03/nueve-capturados-armas-y-droga-incautadas-por-parte-de-la-policia-de-bolivar/
2026-08-03,EMC,,Tolima,Ibagué,EJERCITO,0,0,1,0,0,1,True,True,confirmado,,https://www.ejercito.mil.co/ejercito-nacional-logra-el-sometimiento-a-la-justicia-de-integrante-de-un-grupo-armado-organizado-residual-en-ibague
2026-08-03,ELN,,Cauca,Mercaderes,EJERCITO,0,0,0,0,0,0,True,True,confirmado,,https://www.ejercito.mil.co/ofensiva-del-ejercito-nacional-en-mercaderes-cauca-permitio-captura-de-dos-presuntos-integrantes-del-grupo-armado-eln-y-la-destruccion-de-un-complejo-para-procesar-cocaina | https://www.lafm.com.co/orden-publico/operativo-eln-mercaderes-cauca-capturados-soldado-murio-406690
2026-08-03,ELN,,Nariño,Mallama,EJERCITO|POLICIA,3,0,0,0,0,3,False,True,corroborado,Comuneros del Sur,https://www.eltiempo.com/colombia/cali/tres-muertos-y-una-mujer-capturada-dejan-operaciones-del-ejercito-contra-comuneros-del-sur-en-narino-3575857 | https://www.eltiempo.com/justicia/conflicto-y-narcotrafico/tres-presuntos-integrantes-de-los-comuneros-del-sur-murieron-y-una-mujer-fue-capturada-durante-operacion-militar-en-narino-3575760 | https://impactonews.co/abatidos-tres-presuntos-integrantes-de-los-comuneros-del-sur-en-operacion-militar-en-narino/ | https://45segundos.com/actualidad/tres-presuntos-integrantes-del-eln-murieron-en-operacion-militar-en-narino/ | https://desopinion.com/narino-tres-muertos-operacion-eln-comuneros-del-sur/
2026-08-03,ELN,,Cauca,Mercaderes,EJERCITO,0,2,0,0,0,2,True,True,confirmado,,https://www.ejercito.mil.co/ofensiva-del-ejercito-nacional-en-mercaderes-cauca-permitio-captura-de-dos-presuntos-integrantes-del-grupo-armado-eln-y-la-destruccion-de-un-complejo-para-procesar-cocaina | https://www.lafm.com.co/orden-publico/operativo-eln-mercaderes-cauca-capturados-soldado-murio-406690 | https://meridianoregional.com/mercaderes-operacion-militar-deja-dos-capturados/
2026-08-03,EMC,,,Tumaco,EJERCITO,0,0,18,0,0,18,True,True,corroborado,Coordinadora Nacional Ejército Bolivariano,https://unionradio.net/un-grupo-de-16-disidentes-de-las-farc-se-entrega-al-ejercito-en-el-suroeste-de-colombia/ | https://www.abc.com.py/internacionales/2026/08/03/un-grupo-de-16-disidentes-de-las-farc-se-entrega-al-ejercito-en-el-suroeste-de-colombia/ | https://www.diariolibre.com/mundo/america-latina/2026/08/03/cneb-entrega-tropas-en-tumaco-narino/3618632 | https://www.vanguardia.com/colombia/2026/08/03/golpe-a-una-disidencia-de-las-farc-16-integrantes-se-entregaron-al-ejercito/ | https://www.infobae.com/america/agencias/2026/08/03/un-grupo-de-16-disidentes-de-las-farc-se-entrega-al-ejercito-en-el-suroeste-de-colombia/ | https://unitel.bo/noticias/agencias/un-grupo-de-16-disidentes-de-las-farc-se-entrega-al-ejercito-en-el-suroeste-de-colombia-PM22598623 | https://estrelladigital.com.co/nacional/disidentes-ejercito-narino-tumaco/ | https://meridianoregional.com/497-kilos-de-cocaina-incautados-en-cali-iban-rumbo-al-exterior/ | https://www.cgfm.mil.co/es/multimedia/noticias/16-integrantes-del-grupo-armado-residual-coordinadora-nacional-ejercito | https://www.ejercito.mil.co/16-integrantes-del-grupo-armado-residual-coordinadora-nacional-ejercito-bolivariano-se-sometieron-a-la-justicia-y-dos-menores-de-edad-fueron-recuperados-tras-operaciones-militares-en-tumaco-narino | https://meridianoregional.com/dieciseis-integrantes-mariscal-sucre-se-someten-justicia-tumaco/ | https://www.hsbnoticias.com/18-integrantes-de-grupo-armado-se-sometieron-a-la-justicia-en-el-pacifico-de-narino/ | https://724noticias.com.co/2026/08/05/golpe-a-las-disidencias-en-narino-18-integrantes-de-la-estructura-mariscal-sucre-se-someten-a-la-justicia/ | https://www.infobae.com/colombia/2026/08/07/golpe-a-la-coordinadora-nacional-ejercito-bolivariano-18-integrantes-se-entregaron-y-recuperaron-a-2-menores/ | https://ifmnoticias.com/judicial/18-integrantes-de-grupo-armado-se-sometieron-a-la-justicia-en-tumaco-tras-llamado-del-presidente-de-la-espriella/
2026-08-03,SEGUNDA_MARQUETALIA,,,Tuluá,EJERCITO,1,0,0,0,0,1,False,True,corroborado,Mira|Yair Bermúdez,https://www.minuto30.com/abaten-alias-mira-segunda-marquetalia/1715025/ | https://actualidad-rt.com/video/620501-caer-combate-lider-grupo-segunda-marquetalia | https://co.headtopics.com/news/cay-alias-mira-abatieron-a-uno-de-los-hombres-m-s-86236652 | https://esrt.press/video/620501-caer-combate-lider-grupo-segunda-marquetalia | https://esrt.space/video/620501-caer-combate-lider-grupo-segunda-marquetalia | https://www.infobae.com/colombia/2026/08/03/alias-mira-segundo-cabecilla-del-frente-57-yair-bermudez-de-la-segunda-marquetalia-murio-durante-operativo-del-ejercito-en-tulua/ | https://www.elinformador.com.co/index.php/judiciales/72-judiciales-nacional/356553-ejercito-abatio-a-presunto-segundo-cabecilla-de-la-segunda-marquetalia-en-valle-del-cauca | https://www.agenciapi.co/noticia/regiones/neutralizan-alias-mira-cabecilla-de-las-disidencias-de-las-farc | https://www.eltiempo.com/justicia/conflicto-y-narcotrafico/cayo-en-combate-el-segundo-cabecilla-de-la-estructura-yair-bermudez-de-la-segunda-marquetalia-en-el-valle-3575833
2026-08-02,EMC,,Chocó,Juradó,EJERCITO|POLICIA,0,0,0,0,0,0,False,True,reportado,,http://diariosucesoscucuta.blogspot.com/2015/03/en-el-choco-incautan-una-tonelada-de.html
2026-08-02,SEGUNDA_MARQUETALIA,,Huila,,EJERCITO,0,0,0,0,0,0,False,True,reportado,,https://www.lanacion.com.co/cayo-cargamento-de-marihuana-de-la-segunda-marquetalia/
2026-08-02,OTRO_GAO,,Santander,Rionegro,POLICIA,0,2,0,0,0,2,False,True,reportado,García|José|no mencionados,https://www.infobae.com/colombia/2026/08/02/capturados-peligrosos-delincuentes-de-los-pachenca-o-acsn-en-santander-no-hay-escondite-para-el-crimen/ | https://laopinion.co/colombia/capturan-dos-presuntos-integrantes-de-las-autodefensas-conquistadoras-de-la-sierra-en | https://www.infobae.com/colombia/2026/08/10/abelardo-de-la-espriella-hace-balance-de-golpes-contra-disidencias-y-clan-del-golfo-en-su-primer-fin-de-semana-de-gobierno-no-habra-tregua/
2026-08-01,CLAN_DEL_GOLFO,,Cesar,El Paso,EJERCITO|POLICIA,0,2,0,0,0,2,False,True,reportado,,https://diariodelnorte.net/caribe/capturan-a-dos-presuntos-integrantes-del-clan-del-golfo-con-estupefacientes-en-el-paso-cesar/
2026-08-01,DESCONOCIDO,,,,EJERCITO,0,2,0,0,0,2,False,True,reportado,,https://larazon.co/ejercito-desmantelo-un-laboratorio-de-permanganato-de-potasio-en-puerto-libertador/
2026-08-01,DESCONOCIDO,,Huila,Pitalito,EJERCITO,0,0,0,0,0,0,False,True,reportado,,https://estrelladigital.com.co/nacional/marihuana-disidencias-huila-caro-quintero/
2026-08-01,SEGUNDA_MARQUETALIA,estructura 39,Vichada,,EJERCITO|POLICIA,1,0,0,0,0,1,False,True,reportado,Efrén,https://www.asatunews.co.id/es/ejercito-neutraliza-alias-efren-vichada
2026-07-31,OTRO_GAO,,Antioquia,,POLICIA,0,3,0,0,0,3,False,True,reportado,Carne Rancia,https://www.minuto30.com/capturados-carne-rancia-salgar-antioquia/1714726/
2026-07-31,DESCONOCIDO,,Atlántico,Malambo,POLICIA,0,2,0,0,0,2,False,True,reportado,,https://www.semana.com/nacion/barranquilla/articulo/el-poderoso-arsenal-de-guerra-que-decomiso-la-policia-en-malambo-atlantico-una-pareja-fue-capturada/202648/
2026-07-31,OTRO_GAO,estructura 39 'Arcesio Niño',Vichada,Cumaribo,EJERCITO|POLICIA,0,0,0,0,0,0,True,True,confirmado,,https://www.cgfm.mil.co/es/fuerzas-militares-neutralizan-alias-efren-principal-cabecilla-de-la-estructura-39-faccion-mordisco
2026-07-31,OTRO_GAO,estructura 39 'Arcesio Niño',Vichada,Cumaribo,EJERCITO|POLICIA,2,0,0,0,0,2,True,True,confirmado,Audiver|Efrén,https://www.cgfm.mil.co/es/fuerzas-militares-neutralizan-alias-efren-principal-cabecilla-de-la-estructura-39-faccion-mordisco | https://www.noticiasrcn.com/colombia/ejercito-dio-de-baja-a-alias-efren-una-de-las-celulas-de-ivan-mordisco-en-vichada-1046008
2026-07-31,EMC,,,Cumaribo,EJERCITO,1,0,0,0,0,1,False,True,corroborado,Efrén,https://www.elpais.com.co/judicial/alias-efren-cabecilla-de-las-disidencias-de-las-farc-y-uno-de-los-hombres-de-confianza-de-ivan-mordisco-fue-abatido-3124.html | https://diariodelcauca.com.co/alias-efren-cabecilla-de-las-disidencias-de-mordisco-fue-neutralizada-en-vichada/ | https://www.pulzo.com/nacion/muerte-de-alias-efren-debilita-disidencias-de-ivan-mordisco-en-vichada-colombia-PP5261634A
2026-07-30,CLAN_DEL_GOLFO,,Chocó,Quibdó,EJERCITO,0,1,0,0,0,1,False,True,reportado,jefe de finanzas,https://colmundoradio.com.co/ejercito-captura-en-quibdo-a-jefe-de-finanzas-del-clan-del-golfo/
2026-07-30,SEGUNDA_MARQUETALIA,,Cauca,El Tambo,EJERCITO,1,0,0,0,0,1,False,True,reportado,Bomber,https://www.elpais.com.co/judicial/abatido-alias-bomber-presunto-explosivista-de-las-disidencias-de-las-farc-en-combates-en-el-tambo-cauca-2911.html
2026-07-30,OTRO_GAO,,Putumayo,,EJERCITO|POLICIA,0,3,0,0,0,3,True,True,confirmado,,https://www.ejercito.mil.co/ejercito-nacional-debilita-la-estructura-logistica-y-financiera-de-los-comandos-de-frontera-en-putumayo
2026-07-30,DESCONOCIDO,,Putumayo,Puerto Leguízamo,EJERCITO|POLICIA,0,0,0,0,0,0,True,True,confirmado,,https://www.ejercito.mil.co/fuerza-publica-capturo-a-un-hombre-e-incauto-combustible-utilizado-para-el-procesamiento-de-narcoticos-en-putumayo
2026-07-30,DESCONOCIDO,,Putumayo,Puerto Leguízamo,EJERCITO|POLICIA,0,1,0,0,0,1,True,True,confirmado,,https://www.ejercito.mil.co/fuerza-publica-capturo-a-un-hombre-e-incauto-combustible-utilizado-para-el-procesamiento-de-narcoticos-en-putumayo
2026-07-30,EMBF,Bloque Magdalena Medio,,,EJERCITO,0,0,1,0,0,1,True,True,confirmado,,https://www.ejercito.mil.co/un-integrante-del-bloque-magdalena-medio-del-gao-r-e33-se-sometio-voluntariamente-a-las-tropas-de-la-fuerza-de-tarea-vulcano-en-el-catatumbo
2026-07-30,OTRO_GAO,,Caquetá,,EJERCITO,0,0,1,0,0,1,True,True,confirmado,Marlon Díaz,https://www.ejercito.mil.co/ejercito-nacional-asesto-un-contundente-golpe-a-las-finanzas-de-la-estructura-residual-rodrigo-cadete-un-integrante-sometido-a-la-justicia-y-40-millones-incautados-producto-de-extorsiones
2026-07-29,CLAN_DEL_GOLFO,,Antioquia,Remedios,POLICIA,0,1,0,0,0,1,False,True,reportado,Sebastián,https://paisa.alerta.com.co/judiciales/remedios-capturan-a-alias-sebastian-del-clan-del-golfo-247389
2026-07-29,DESCONOCIDO,,Cauca,,EJERCITO,0,0,0,0,0,0,False,True,reportado,,https://www.minuto30.com/disidencias-senuelos-atacar-ejercito/1714570/
2026-07-29,OTRO_GAO,,,,POLICIA,0,11,0,0,0,11,False,True,reportado,,https://caracol.com.co/2026/07/29/incautan-11-armas-de-fuego-y-capturan-a-11-personas-durante-operativos-de-la-policia/
2026-07-29,CLAN_DEL_GOLFO,,Chocó,Medio Baudó,EJERCITO,0,0,1,0,0,1,True,True,confirmado,,https://www.ejercito.mil.co/ejercito-nacional-golpea-las-estructuras-del-clan-del-golfo-con-la-captura-de-uno-de-sus-jefes-de-finanzas-en-choco
2026-07-28,CLAN_DEL_GOLFO,Gonzalo Oquendo Urrego,Meta,Granada,POLICIA,0,1,0,0,0,1,False,True,reportado,Raúl,https://quepasoenvillavo.com.co/2026/07/28/cayo-alias-raul-presunto-integrante-del-clan-del-golfo-con-mas-de-700-dosis-listas-para-su-comercializacion/
2026-07-28,ELN,,,,EJERCITO,0,0,0,0,0,0,False,True,reportado,,https://www.alerta.com.co/judiciales/caen-cinco-miembros-de-disidencias-de-las-farc-en-ocana-247202
2026-07-28,ELN,,Casanare,Paz de Ariporo,EJERCITO,0,0,0,0,0,0,False,True,reportado,,https://lavozdelcinaruco.com/ejercito-frustra-presunto-fortalecimiento-del-eln-e-incauta-50-chalecos-tacticos-en-casanare/
2026-07-28,ELN,,,La Gabarra,EJERCITO|POLICIA,0,0,0,0,0,0,False,True,reportado,,https://www.eltiempo.com/justicia/conflicto-y-narcotrafico/captura-en-la-gabarra-frustro-presunto-atentado-del-eln-contra-la-fuerza-publica-en-el-catatumbo-3574423
2026-07-28,DESCONOCIDO,,Valle del Cauca,,POLICIA,0,0,0,0,0,0,False,True,reportado,,https://www.minuto30.com/incautan-marihuana-valle-del-cauca/1714426/
2026-07-28,OTRO_GAO,,Antioquia,Bello,EJERCITO|POLICIA,0,2,0,0,0,2,True,True,confirmado,300|El Paisa,https://www.ejercito.mil.co/golpe-contundente-del-ejercito-contra-el-grupo-delincuencial-organizado-el-mesa-en-antioquia | https://www.bluradio.com/regiones/antioquia/capturaron-a-alias-300-de-el-mesa-lo-senalan-del-crimen-de-ingeniero-andres-camilo-en-antioquia-rg10
2026-07-28,EMC,Estructura 37,Bolívar,Santa Rosa del Sur,EJERCITO,0,1,0,0,0,1,False,True,corroborado,Pescado Picho,https://carmolnoticias.com/capturado-alias-pescado-picho-coordinador-de-ataques-con-drones-al-ejercito-de-colombia/ | https://santamarta24horas.com/ejercito-nacional-asesta-duro-golpe-al-gao-r-estructura-37-en-el-sur-de-bolivar-capturado-alias-pescado-picho/
2026-07-28,OTRO_GAO,,Bolívar,,EJERCITO,0,1,0,0,0,1,False,True,corroborado,Pescado Picho,https://caracol.com.co/2026/07/28/capturado-alias-pescado-picho-tras-operacion-del-ejercito-en-el-sur-de-bolivar/ | https://noticiaselboom.com/capturan-a-alias-pescado-picho-senalado-de-dirigir-ataques-con-drones-contra-el-ejercito/
2026-07-28,EMC,Frente 33,Norte de Santander,Ocaña,POLICIA,0,5,0,0,0,5,True,True,corroborado,Barbas|Caucano|Duván|Machete|Niche|Pantera|Veneco,https://laopinion.co/judicial/habrian-llegado-de-cali-para-desatar-una-ola-de-sangre-en-ocana-y-los-hallaron-escondidos | https://www.alerta.com.co/judiciales/caen-cinco-miembros-de-disidencias-de-las-farc-en-ocana-247202 | https://www.ejercito.mil.co/golpe-al-gaor-estructura-33-ejercito-y-policia-capturan-a-cinco-presuntos-integrantes-en-ocana | https://elfrente.com.co/cinco-capturados-con-armamento-explosivos-droga-y-equipos-de-comunicacion-en-ocana/ | https://www.minuto30.com/duro-golpe-a-las-disidencias-en-jamundi-fueron-capturados-pantera-y-machete/1714516/ | https://www.lafm.com.co/orden-publico/disidente-explosivos-huila-captura-algeciras-410706
2026-07-27,ELN,Frente Camilo Torres Restrepo,Cesar,Chimichagua,EJERCITO,0,1,0,0,0,1,False,True,reportado,,https://www.diariodelcesar.com/archivos/343871/ejercito-capturo-a-presunto-integrante-del-eln-tras-combates/
2026-07-27,ELN,,,Sácama,EJERCITO,0,0,0,0,0,0,False,True,reportado,,https://www.pautonoticias.com/es/articulo/regionales/ejercito-nacional-informo-que-fue-neutralizado-en-combate-un-integrante-del-eln
2026-07-27,ELN,,,Sácama,EJERCITO,1,0,0,0,0,1,False,True,reportado,,https://www.pautonoticias.com/es/articulo/regionales/ejercito-nacional-informo-que-fue-neutralizado-en-combate-un-integrante-del-eln
2026-07-27,ELN,,Casanare,,EJERCITO,0,0,0,0,0,0,False,True,reportado,,https://www.eltiempo.com/justicia/conflicto-y-narcotrafico/ejercito-reporta-la-muerte-de-un-integrante-del-eln-y-la-incautacion-de-un-arsenal-en-una-operacion-militar-en-casanare-3574098
2026-07-27,DESCONOCIDO,,Huila,Tesalia,EJERCITO|POLICIA,0,0,0,0,0,0,True,True,confirmado,,https://www.ejercito.mil.co/novena-brigada-propina-nuevo-golpe-al-narcotrafico-en-el-huila
2026-07-27,DESCONOCIDO,,Huila,Tesalia,EJERCITO|POLICIA,0,1,0,0,0,1,True,True,confirmado,,https://www.ejercito.mil.co/novena-brigada-propina-nuevo-golpe-al-narcotrafico-en-el-huila
2026-07-27,EMC,,,,EJERCITO,0,0,1,0,0,1,True,True,confirmado,,https://www.ejercito.mil.co/presion-operacional-del-ejercito-nacional-logra-el-sometimiento-de-presunto-integrante-de-la-estructura-carlos-patino
2026-07-27,EMBF,Estructura Rodrigo Cadete,Huila,Suaza,EJERCITO,0,3,0,0,0,3,True,True,confirmado,,https://www.ejercito.mil.co/golpe-a-la-estructura-rodrigo-cadete-tres-capturados-y-armamento-incautado-en-el-huila
2026-07-27,OTRO_GAO,,Cauca,,EJERCITO,0,1,0,0,0,1,True,True,confirmado,Tulande,https://www.ejercito.mil.co/capturado-alias-tulande-responsable-de-la-mineria-ilegal-en-los-farallones-y-uno-de-los-mas-buscados-por-delitos-ambientales-en-cauca-y-vallevc | https://caracol.com.co/2026/07/27/cae-alias-tulande-senalado-de-devastar-los-farallones-de-cali-con-mineria-y-apoyar-a-disidencias/ | https://caracol.com.co/2026/08/16/alias-tulande-dinamizador-de-mineria-ilegal-en-el-norte-del-cauca-fue-capturado/
2026-07-27,EMBF,,Caquetá,Florencia,EJERCITO,0,1,1,0,0,2,True,True,corroborado,Marlón Díaz,https://diariodelcauca.com.co/alias-marlon-diaz-cabecilla-de-finanzas-del-bloque-jorge-suarez-briceno/ | https://extra.com.co/alias-marlon-diaz-cabecilla-de-finanzas-del-bloque-jorge-suarez-briceno/ | https://www.hsbnoticias.com/alias-marlon-diaz-cabecilla-de-finanzas-del-bloque-jorge-suarez-briceno/ | https://www.ejercito.mil.co/ejercito-nacional-captura-a-alias-marlon-diaz-tercer-cabecilla-de-finanzas-de-la-estructura-rodrigo-cadete-del-bloque-jorge-suarez-briceno | https://www.eltiempo.com/justicia/conflicto-y-narcotrafico/capturan-en-caqueta-a-alias-marlon-diaz-senalado-cabecilla-de-finanzas-de-las-disidencias-de-calarca-en-caqueta-3573963 | https://www.eltiempo.com/justicia/conflicto-y-narcotrafico/ejercito-incauto-40-millones-y-logro-el-sometimiento-del-hombre-de-confianza-de-alias-marlon-diaz-3574811
2026-07-26,CLAN_DEL_GOLFO,,Antioquia,Donmatías,EJERCITO|POLICIA,0,6,0,0,0,6,False,True,reportado,Los Chatas,https://h13n.com/depositos-ilegales-de-droga-san-rafael/ | https://h13n.com/clan-del-golfo-mineria-ilegal-en-donmatias/
2026-07-26,EMC,,Caquetá,Florencia,POLICIA,0,1,0,0,0,1,False,True,reportado,Marlon Díaz,https://diariodelhuila.com/capturan-en-florencia-a-alias-marlon-diaz-senalado-cabecilla-financiero-de-las-disidencias/
2026-07-26,SEGUNDA_MARQUETALIA,,Caquetá,Florencia,POLICIA,0,1,0,0,0,1,False,True,corroborado,Marlon Díaz,https://www.infobae.com/colombia/2026/07/26/cayo-alias-marlon-diaz-senalado-cabecilla-financiero-de-las-disidencias-de-las-farc-que-lidera-calarca-en-caqueta/ | https://ifmnoticias.com/judicial/cayo-alias-marlon-diaz-presunto-jefe-financiero-de-las-disidencias-de-las-farc-en-caqueta-tras-13-meses-de-seguimiento/
2026-07-26,ELN,,Casanare,Sácama,EJERCITO,1,0,0,0,0,1,False,True,corroborado,,https://www.eltiempo.com/justicia/conflicto-y-narcotrafico/ejercito-reporta-la-muerte-de-un-integrante-del-eln-y-la-incautacion-de-un-arsenal-en-una-operacion-militar-en-casanare-3574098 | https://www.lafm.com.co/orden-publico/casanare-colombia-combates-guerrillero-eln-muerto-406002 | https://www.semana.com/nacion/articulo/video-operacion-del-ejercito-contra-el-eln-en-casanare-dejo-un-muerto-y-millonaria-incautacion-de-guerra/202618/ | https://lachivadeuraba.com/ejercito-reporto-la-muerte-de-un-integrante-del-eln-y-la-incautacion-de-material-de-guerra/ | https://noticiasenlinea.com.co/ejercito-nacional-neutraliza-en-combate-a-un-integrante-del-eln-e-incauta-abundante-material-de-guerra-en-casanare/ | https://www.collector.com.tr/1004578587/video-operacion-del-ejercito-contra-el-eln-en-casanare-dejo-un-muerto-y-millonar | https://lavozdelcinaruco.com/combates-entre-el-ejercito-y-el-eln-en-limites-entre-casanare-y-arauca-dejan-un-presunto-guerrillero-muerto-y-un-dron-con-explosivos-incautado/ | https://casanareonline.co/ejercito-neutraliza-en-combate-a-un-integrante-del-eln-e-incauta-dron-explosivos-y-municiones-en-sacama-casanare/ | https://colmundoradio.com.co/un-integrante-del-eln-murio-en-combates-con-el-ejercito-en-casanare-incautan-dron-con-explosivos-y-material-de-guerra/ | https://nacionllanera.com/operacion-militar-en-sacama-ejercito-reporta-muerte-de-un-presunto-integrante-de/
2026-07-26,ELN,,Casanare,,EJERCITO,0,0,0,0,0,0,True,True,confirmado,,https://www.ejercito.mil.co/ejercito-nacional-neutraliza-en-combate-a-un-integrante-del-eln-e-incauta-abundante-material-de-guerra-en-casanare | https://www.ejercito.mil.co/ejercito-nacional-neutraliza-en-combate-a-un-integrante-del-eln-e-incauta-abundante-material-de-guerra-en-casanare-643147 | https://www.semana.com/nacion/articulo/video-operacion-del-ejercito-contra-el-eln-en-casanare-dejo-un-muerto-y-millonaria-incautacion-de-guerra/202618/ | https://lachivadeuraba.com/ejercito-reporto-la-muerte-de-un-integrante-del-eln-y-la-incautacion-de-material-de-guerra/ | https://noticiasenlinea.com.co/ejercito-nacional-neutraliza-en-combate-a-un-integrante-del-eln-e-incauta-abundante-material-de-guerra-en-casanare/ | https://www.collector.com.tr/1004578587/video-operacion-del-ejercito-contra-el-eln-en-casanare-dejo-un-muerto-y-millonar | https://www.diariodelcesar.com/archivos/343871/ejercito-capturo-a-presunto-integrante-del-eln-tras-combates/
2026-07-25,OTRO_GAO,,,,EJERCITO|POLICIA,0,1,0,0,0,1,False,True,reportado,El Mono,https://noticaribe.co/capturan-a-mano-derecha-de-alias-arana-maximo-cabecilla-de-los-comandos-de-frontera/
2026-07-25,EMC,Carlos Patiño,Nariño,,EJERCITO|POLICIA,3,0,0,0,0,3,False,True,reportado,,https://www.diariodelsur.com.co/ofensiva-militar-en-narino-frena-a-la-disidencia-carlos-patino-tres-abatidos-un-secuestrado-libre-y-35-toneladas-de-cafe-recuperadas/
2026-07-25,EMC,,Cauca,,POLICIA,0,1,0,0,0,1,False,True,reportado,Arnold|El Indio,https://www.lafm.com.co/actualidad/capturado-presunto-disidente-responsable-de-actos-terroristas-en-cauca-405922 | https://www.elespectador.com/judicial/capturan-a-alias-el-indio-presunto-integrante-de-las-disidencias-de-las-farc-en-cauca/
2026-07-25,OTRO_GAO,franco benavides,Nariño,Leiva,POLICIA,0,0,0,0,0,0,True,True,confirmado,,https://www.policia.gov.co/noticia/golpe-estructura-criminal-franco-benavides-recuperadas-22-motocicletas-incautado-armamento
2026-07-25,DESCONOCIDO,,,,,0,0,0,0,0,0,False,True,corroborado,,https://contextohn.com/nacional/dnpa-destruye-plantacion-de-56-mil-arbustos-de-coca-en-olancho/ | https://proceso.hn/erradican-56-mil-arbustos-de-hoja-de-coca-y-destruyen-laboratorio-rustico-en-olancho/
2026-07-24,OTRO_GAO,,Caquetá,San José del Fragua,EJERCITO,0,0,0,0,0,0,False,True,reportado,,https://www.cablenoticias.com/noticias/ejercito-incauta-dos-megadepositos-armamento-comandosfrontera-caqueta
2026-07-24,OTRO_GAO,El Mesa,Antioquia,Bello,EJERCITO|POLICIA,0,1,0,0,0,1,False,True,reportado,300,https://www.elcolombiano.com/antioquia/busqueda-andres-camilo-pelaez-policia-fiscalia-casa-drogas-el-tapon-bello-AD39183571
2026-07-24,CLAN_DEL_GOLFO,subestructura Jorge Iván Arboleda Garcés,Antioquia,Amalfi,EJERCITO,2,0,0,0,0,2,False,True,reportado,,https://www.elcolombiano.com/antioquia/bombardeos-ejercito-clan-del-golfo-amalfi-campesinos-AM39175445
2026-07-24,CLAN_DEL_GOLFO,,Tolima,Flandes,POLICIA,0,0,0,0,0,0,False,True,reportado,,https://www.elcolombiano.com/antioquia/justicia-aplaza-audiencia-homicidio-periodista-mateo-perez-flip-rechaza-demora-PM39172195
2026-07-24,OTRO_GAO,,Caquetá,Belén de los And,EJERCITO,0,0,1,0,0,1,True,True,confirmado,,https://www.ejercito.mil.co/ejercito-nacional-asesta-contundente-golpe-a-los-comandos-de-frontera-en-caqueta | https://www.cablenoticias.com/noticias/ejercito-incauta-dos-megadepositos-armamento-comandosfrontera-caqueta
2026-07-24,CLAN_DEL_GOLFO,,Córdoba,Puerto Escondido,EJERCITO|POLICIA,0,2,0,0,0,2,False,True,corroborado,,https://www.alerta.com.co/judiciales/cordoba-capturan-dos-miembros-del-clan-del-golfo-247093 | https://www.collector.com.tr/1004248997/cordoba-capturan-a-dos-presuntos-miembros-del-clan-del-golfo-en-puerto-escondido | https://www.elheraldo.co/colombia/2026/07/27/capturaron-a-dos-presuntos-miembros-del-clan-del-golfo-en-puerto-escondido-cordoba/
2026-07-24,CLAN_DEL_GOLFO,,Tolima,Flandes,POLICIA,0,6,0,0,0,6,False,True,corroborado,Jhon Edison Chalá Torrejano|Víctor Chalá,https://www.elcolombiano.com/antioquia/justicia-aplaza-audiencia-homicidio-periodista-mateo-perez-flip-rechaza-demora-PM39172195 | https://laopinion.co/colombia/la-flip-pide-agilizar-proceso-judicial-por-el-asesinato-del-periodista-mateo-perez-en
2026-07-23,EMBF,Bloque Jorge Suárez Briceño,Meta,,POLICIA,0,1,0,0,0,1,False,True,reportado,,https://nacionllanera.com/capturan-a-presunto-integrante-del-bloque-jorge-suarez-briceno-y-destruyen-220-kilos-de-explosivos-en-el-meta/
2026-07-23,DESCONOCIDO,,,Ocaña,EJERCITO,0,0,0,0,0,0,False,True,reportado,,https://noticiaslaft.topbls.com/mas-de-200-kilos-de-cocaina-esta-fue-la-alarmante-cifra-que-incauto-el-ejercito-en-ocana/
2026-07-23,EMC,estructura residual Carlos Patiño,,,EJERCITO,3,0,0,0,0,3,False,True,reportado,,https://qhubocali.com/judiciales/tres-presuntos-disidentes-murieron-tras-asalto-en-la-panamericana/
2026-07-23,OTRO_GAO,,Santander,Bucaramanga,POLICIA,0,10,0,0,0,10,False,True,reportado,,https://www.infobae.com/colombia/2026/07/23/delincuentes-distribuian-carne-de-caballo-en-bucaramanga-como-si-se-tratara-de-res-garantizada-policia-incauto-14-toneladas-en-mal-estado/
2026-07-23,ELN,,,Cúcuta,EJERCITO,0,0,0,0,0,0,False,True,corroborado,,https://lagacetacienagaonline.com/nacionales/video-ejercito-incauta-dos-toneladas-de-cocaina-y-golpea-finanzas-del-eln/
2026-07-22,OTRO_GAO,,La Guajira,,POLICIA,0,0,0,0,0,0,False,True,reportado,,https://diariodelnorte.net/nacion/incautan-25-toneladas-de-cocaina-que-iban-rumbo-a-norteamerica-un-capturado/
2026-07-22,OTRO_GAO,,,,EJERCITO|POLICIA,0,6,0,0,0,6,False,True,reportado,narcotraficantes,https://www.ntn24.com/noticias-actualidad/asi-fue-operacion-en-conjunto-entre-ecuador-ee-uu-y-colombia-que-permitio-masiva-incautacion-en-el-pacifico-635266
2026-07-22,EMC,,,,,0,2,0,0,0,2,False,True,reportado,Leo|Maicol,https://cambiocolombia.com/conflicto-armado-en-colombia/articulo/2026/7/cae-la-mano-urbana-de-ivan-mordisco-capturado-alias-leo
2026-07-22,DESCONOCIDO,,,El Charco,ARMADA,0,0,0,0,0,0,False,True,reportado,,https://www.hsbnoticias.com/elcharco-armada-golpea-al-narcotrafico-capturan-a-hombre-con-14-kg-de-insumos-e-incautan-lancha/
2026-07-22,OTRO_GAO,frente Iván Merchán,,,EJERCITO|POLICIA,0,8,0,0,0,8,False,True,reportado,,https://nacionllanera.com/capturan-a-ocho-presuntos-integrantes-del-frente-ivan-merchan-en-operacion-militar-en-el-meta/
2026-07-22,DESCONOCIDO,,Nariño,El Charco,ARMADA,0,0,0,0,0,0,False,True,reportado,,https://www.diariodelsur.com.co/elcharco-armada-golpea-al-narcotrafico-capturan-a-hombre-con-14-kg-de-insumos-e-incautan-lancha/
2026-07-22,DESCONOCIDO,,Nariño,El Charco,ARMADA,0,1,0,0,0,1,False,True,corroborado,,https://www.diariodelsur.com.co/elcharco-armada-golpea-al-narcotrafico-capturan-a-hombre-con-14-kg-de-insumos-e-incautan-lancha/ | https://www.hsbnoticias.com/elcharco-armada-golpea-al-narcotrafico-capturan-a-hombre-con-14-kg-de-insumos-e-incautan-lancha/
2026-07-22,OTRO_GAO,,,,EJERCITO|POLICIA,0,0,0,0,0,0,True,True,confirmado,,https://www.ejercito.mil.co/cayo-alias-leo-cabecilla-de-milicias-al-servicio-de-alias-mordisco-junto-con-explosivista-responsable-de-atentados-con-drones-en-popayan | https://elperiodicodeportivo.com.co/cauca-capturaron-a-alias-leo-maicol-y-yeni-responsables-de-ataques-con-drones-kamikaze/
2026-07-22,OTRO_GAO,,,,EJERCITO|POLICIA,0,3,0,0,0,3,True,True,confirmado,Leo|Maicol,https://www.ejercito.mil.co/cayo-alias-leo-cabecilla-de-milicias-al-servicio-de-alias-mordisco-junto-con-explosivista-responsable-de-atentados-con-drones-en-popayan | https://diariodelcauca.com.co/cayo-alias-leo-cabecilla-de-milicias-de-alias-mordisco-responsable-de-los-atentados-con-drones-en-popayan/ | https://elperiodicodeportivo.com.co/cauca-capturaron-a-alias-leo-maicol-y-yeni-responsables-de-ataques-con-drones-kamikaze/
2026-07-22,DESCONOCIDO,,,,,0,1,0,0,0,1,False,True,corroborado,Barbas,https://www.diariodelsur.com.co/cayo-alias-barbas-senalado-de-participar-en-61-asesinatos-y-de-sembrar-terror-tras-pasar-del-eln-a-las-disidencias/ | https://diariodelcauca.com.co/cayo-alias-barbas-senalado-de-participar-en-61-asesinatos-y-de-sembrar-terror-tras-pasar-del-eln-a-las-disidencias/ | https://extra.com.co/cayo-alias-barbas-senalado-de-participar-en-61-asesinatos-y-de-sembrar-terror-tras-pasar-del-eln-a-las-disidencias/
2026-07-22,OTRO_GAO,,Cesar,,EJERCITO|POLICIA,0,0,0,0,0,0,True,True,confirmado,,https://www.ejercito.mil.co/contundente-golpe-a-las-autodefensas-conquistadoras-de-la-sierra-millonarias-perdidas-y-mas-de-310-kilogramos-de-cocaina-incautados-tras-la-destruccion-de-un-laboratorio-en-el-sur-del-cesar | https://www.bluradio.com/regiones/santanderes/incautan-mas-de-310-kilos-de-cocaina-tras-operativo-militar-en-el-sur-del-cesar-rg10 | https://elfrente.com.co/golpe-al-narcotrafico-en-el-sur-del-cesar-destruyen-laboratorio-con-mas-de-310-kilos-de-cocaina-de-las-acs/ | https://santamartaaldia.co/golpe-a-los-pachencas-ejercito-destruyo-laboratorio-de-cocaina-y-decomiso-mas-de-310-kilos-de-droga-en-el-cesar/
2026-07-22,EMC,,Cauca,Popayán,EJERCITO|POLICIA,3,3,0,0,0,6,False,True,corroborado,Leo|no mencionados,https://www.bluradio.com/regiones/pacifico/capturan-a-tres-integrantes-de-disidencias-de-las-farc-senalados-de-ataques-con-drones-en-popayan-rg10 | https://www.elespectador.com/judicial/capturan-a-alias-leo-jefe-de-milicias-urbanas-de-las-disidencias-de-mordisco-en-cauca/ | https://www.lafm.com.co/orden-publico/ejercito-captura-tres-disidentes-drones-explosivos-cauca-405630 | https://www.diariodelsur.com.co/en-popayan-cayeron-explosivistas-al-servicio-de-alias-ivan-mordisco/ | https://www.hsbnoticias.com/cayo-alias-leo-cabecilla-de-milicias-al-servicio-de-ivan-mordisco/ | https://www.pulzo.com/nacion/ataque-disidencias-cauca-dejo-siete-militares-heridos-PP5254174 | https://www.pulzo.com/nacion/capturan-a-tres-miembros-de-emc-farc-en-popayan-cauca-golpe-a-milicias-urbanas-PP5252744A | https://www.infobae.com/colombia/2026/08/10/abelardo-de-la-espriella-hace-balance-de-golpes-contra-disidencias-y-clan-del-golfo-en-su-primer-fin-de-semana-de-gobierno-no-habra-tregua/
2026-07-21,ELN,,Norte de Santander,Cúcuta,EJERCITO|POLICIA,0,1,0,0,0,1,False,True,reportado,Morales,https://www.alerta.com.co/judiciales/cucuta-capturan-a-presunto-integrante-del-eln-con-explosivos-246822 | https://laopinion.co/judicial/quien-le-guardaban-este-arsenal-hallan-una-casa-con-explosivos-en-el-anillo-vial | https://www.alerta.com.co/judiciales/norte-de-santander-incautan-mas-de-500-kilos-de-cocaina-247824
2026-07-21,DESCONOCIDO,,Quindío,,POLICIA,0,0,0,0,0,0,True,True,confirmado,,https://www.policia.gov.co/noticia/policia-nacional-incauto-710-kilogramos-clorhidrato-cocaina-en-operativo-vial-en-quindio
2026-07-21,DESCONOCIDO,,,,ARMADA,0,0,0,0,0,0,False,True,corroborado,ciudadanos colombianos|ciudadanos panameños,https://buenaventuraenlinea.com/armada-de-colombia-incauta-cerca-de-tonelada-y-media-de-marihuana-y-afecta-las-finanzas-del-narcotrafico-en-mas-de-15-millones-de-dolares/ | https://impactonews.co/armada-incauta-mas-de-una-tonelada-de-marihuana-y-afecta-finanzas-del-narcotrafico-en-mas-de-15-millones-de-dolares/
2026-07-21,SEGUNDA_MARQUETALIA,frente Iván Merchán,Meta,Mapiripán,EJERCITO,0,8,0,0,0,8,True,True,confirmado,Iván Márquez,https://www.ejercito.mil.co/ejercito-desmantela-comision-de-las-disidencias-de-la-segunda-marquetalia-que-extorsionaba-en-el-meta | https://www.elcolombiano.com/colombia/segunda-marquetalia-extorsiones-talonario-moto-exosto-ruidoso-meta-CO39044789 | https://cambiocolombia.com/conflicto-armado-en-colombia/articulo/2026/7/ejercito-desmantela-comision-de-las-disidencias-de-la-segunda-marquetalia-que-extorsionaba-en-el-meta | https://www.ejercito.mil.co/desarticulada-comision-de-finanzas-del-frente-autodenominado-ivan-merchan-ocho-capturados-y-un-menor-recuperado-en-mapiripan-meta | https://www.ejercito.mil.co/desarticulada-comision-de-finanzas-del-frente-autodenominado-ivan-merchan-ocho-capturados-y-un-menor-recuperado-en-mapiripan-meta-643043
2026-07-21,ELN,,Santander,Tona,EJERCITO|POLICIA,0,1,0,0,0,1,True,True,corroborado,Jorge,https://www.lafm.com.co/orden-publico/gaula-militar-captura-alias-jorge-eln-santander-405526 | https://www.diariodelsur.com.co/gaula-del-ejercito-capturo-alias-jorge-presunto-integrante-del-eln-en-santander/ | https://www.elpais.com.co/judicial/capturan-a-alias-jorge-del-eln-con-un-peligroso-arsenal-de-explosivos-y-armas-en-santander-2237.html | https://www.bluradio.com/regiones/santanderes/capturan-presunto-integrante-del-eln-con-armas-y-32-kilos-de-explosivos-en-tona-santander-rg10 | https://bucaramanga.alerta.com.co/judiciales/operativo-en-tona-deja-presunto-integrante-del-eln-capturado-246911 | https://elfrente.com.co/capturan-en-tona-santander-a-presunto-integrante-del-eln-con-explosivos-y-arsenal-de-guerra/ | https://www.ejercito.mil.co/ejercito-nacional-capturo-a-presunto-integrante-del-gao-eln-con-importante-material-de-guerra-y-explosivos
2026-07-21,CLAN_DEL_GOLFO,,Cesar,Aguachica,POLICIA,0,1,0,0,0,1,True,True,corroborado,Motorratón|Yoyo,https://caracol.com.co/2026/07/21/capturan-a-alias-yoyo-presunto-cabecilla-del-clan-del-golfo-en-el-sur-del-cesar/ | https://cucutaaldia.co/cucuta/capturan-a-alias-yoyo-lider-de-los-sicarios-del-clan-del-golfo-en-el-sur-del-cesar-buscado-por-interpol/ | https://elfrente.com.co/frenada-la-carrera-criminal-de-motorraton-integrante-del-clan-del-golfo/ | https://elpilon.com.co/judicial/capturan-en-aguachica-a-alias-yoyo-presunto-jefe-de-sicarios-del-clan-del-golfo-en-el-sur-del-cesar | https://enlacetelevision.com/2026/07/22/capturan-a-alias-yoyo-presunto-cabecilla-del-clan-del-golfo/ | https://www.elheraldo.co/colombia/2026/07/22/capturan-en-el-cesar-a-alias-yoyo-presunto-jefe-sicarial-del-clan-del-golfo/ | https://www.policia.gov.co/noticia/capturado-alias-yoyo-presunto-cabecilla-sicarial-una-estructura-criminal | https://www.ejercito.mil.co/alias-yoyo-o-motorraton-senalado-de-coordinar-acciones-sicariales-y-fortalecer-el-accionar-criminal-del-gao-clan-del-golfo-en-el-sur-del-cesar
2026-07-20,DESCONOCIDO,,,,EJERCITO|POLICIA,0,0,0,0,0,0,False,True,reportado,,https://www.eluniverso.com/noticias/fuerzas-armadas-destruyen-mas-de-100000-plantas-de-coca-en-la-frontera-norte-nota/?outputType=amp
2026-07-20,CLAN_DEL_GOLFO,,Magdalena,,POLICIA,0,0,0,0,0,0,False,True,reportado,,https://santamartaaldia.co/le-cerraron-el-cerco-al-clan-del-golfo-cayo-presunto-extorsionista-y-decomisaron-droga-combustible-robado-y-municion-en-el-magdalena/
2026-07-20,CLAN_DEL_GOLFO,,Magdalena,El Banco,POLICIA,0,1,0,0,0,1,False,True,reportado,presunto extorsionista,https://santamartaaldia.co/le-cerraron-el-cerco-al-clan-del-golfo-cayo-presunto-extorsionista-y-decomisaron-droga-combustible-robado-y-municion-en-el-magdalena/
2026-07-20,ELN,Frente José Antonio Galán,Antioquia,Tarazá,EJERCITO,0,1,0,0,0,1,True,True,confirmado,Rafa|Rafita|cabecilla financiero,https://www.ejercito.mil.co/capturado-presunto-integrante-del-frente-jose-antonio-galan-del-eln-en-antioquia | https://caracol.com.co/2026/07/19/capturan-a-alias-rafa-o-rafita-cabecilla-de-red-de-apoyo-al-terrorismo-del-eln-en-antioquia/ | https://www.elcolombiano.com/antioquia/captura-en-antioquia-presunto-cabecilla-financiero-eln-HJ39033884 | https://co.headtopics.com/news/capturaron-en-antioquia-a-presunto-cabecilla-financiero-del-85802238
2026-07-19,CLAN_DEL_GOLFO,,,,POLICIA,0,0,0,0,0,0,False,True,reportado,,https://santamartaaldia.co/cae-presunto-extorsionista-del-clan-del-golfo-en-salamina-policia-tambien-capturo-a-otros-dos-hombres-en-el-magdalena/
2026-07-19,CLAN_DEL_GOLFO,,,Salamina,POLICIA,0,3,0,0,0,3,False,True,reportado,,https://santamartaaldia.co/cae-presunto-extorsionista-del-clan-del-golfo-en-salamina-policia-tambien-capturo-a-otros-dos-hombres-en-el-magdalena/
2026-07-19,SEGUNDA_MARQUETALIA,,,,EJERCITO|POLICIA,2,0,0,0,0,2,False,False,en_disputa,Marlon|Ñeque,https://www.elcolombiano.com/colombia/neque-y-marlon-jefes-de-estructura-de-alias-mordisco-de-las-farc-que-el-gobierno-nacional-reporto-como-bajas-afirman-que-estan-vivos-LK39002768
2026-07-19,EMBF,Bloque Jorge Suárez Briceño,Meta,Puerto Rico,EJERCITO|POLICIA,0,1,0,0,0,1,True,True,confirmado,,https://www.ejercito.mil.co/operacion-conjunta-golpea-capacidad-armada-y-explosiva-de-estructura-residual-en-meta
2026-07-18,EMC,estructura Carolina Ramírez,,,EJERCITO|POLICIA,0,1,0,0,0,1,False,True,reportado,,https://www.noticiasrcn.com/colombia/ejercito-capturo-a-cabecilla-de-la-estructura-carolina-ramirez-de-las-disidencias-farc-468663
2026-07-18,OTRO_GAO,Carne Rancia,Antioquia,Salgar,POLICIA,1,0,0,0,0,1,False,True,reportado,Caníbal,https://www.elcolombiano.com/antioquia/golpes-a-ilegales-en-tres-municipios-de-antioquia-PK38989503
2026-07-18,ELN,,Antioquia,Segovia,EJERCITO|POLICIA,0,2,0,0,0,2,False,True,reportado,Flaco Galán|Rafa,https://www.elcolombiano.com/antioquia/golpes-a-ilegales-en-tres-municipios-de-antioquia-PK38989503
2026-07-18,SEGUNDA_MARQUETALIA,Estructura Jhon Linares,Meta,,EJERCITO|POLICIA,0,1,0,0,0,1,False,True,reportado,Jimmi,https://www.infobae.com/colombia/2026/07/18/autoridades-destruyeron-220-kilos-de-explosivos-hallados-en-una-caleta-clandestina-de-las-disidencias-de-las-farc-en-el-meta/
2026-07-18,EMC,Frente 4°,Antioquia,Segovia,EJERCITO|POLICIA,0,6,0,0,0,6,True,True,corroborado,Jhon Fiera|Rafael|Yésica,https://www.bluradio.com/regiones/antioquia/capturan-seis-presuntos-integrantes-de-las-disidencias-de-calarca-en-segovia-antioquia-rg10 | https://www.elcolombiano.com/antioquia/golpes-a-ilegales-en-tres-municipios-de-antioquia-PK38989503 | https://www.ejercito.mil.co/ejercito-y-policia-debilitan-capacidad-criminal-del-gao-residual-de-las-farc-en-el-nordeste-antioqueno | https://judicialesydenunciasmedio.com.co/judiciales/capturan-a-seis-integrantes-de-la-estructura-4-de-las-disidencias-de-las-farc/
2026-07-18,CLAN_DEL_GOLFO,,Antioquia,Jericó,EJERCITO,2,0,0,0,0,2,True,True,confirmado,,https://www.ejercito.mil.co/combates-en-jerico-antioquia-dejan-dos-presuntos-integrantes-del-cartel-del-clan-del-golfo-neutralizados | https://www.bluradio.com/regiones/antioquia/incautan-arsenal-del-clan-del-golfo-tras-combates-en-jerico-antioquia-rg10
2026-07-18,CLAN_DEL_GOLFO,,Antioquia,Norte de Antioquia,POLICIA,0,1,0,0,0,1,False,True,corroborado,Carlos Way|Dallana,https://caracol.com.co/2026/07/18/cae-alias-carlos-way-lider-criminal-responsable-de-violencia-en-el-paro-minero-del-bajo-cauca/ | https://www.bluradio.com/regiones/antioquia/cayo-carlos-way-cabecilla-del-clan-del-golfo-al-mando-de-160-hombres-en-el-bajo-cauca-antioqueno-rg10 | https://www.infobae.com/colombia/2026/07/18/cayo-alias-carlos-way-presunto-maximo-cabecilla-del-clan-del-golfo-en-el-bajo-cauca/ | https://paisa.alerta.com.co/judiciales/antioquia-capturado-carlos-way-terror-del-bajo-cauca-246629 | https://www.minuto60.com/judicial/fin-carlos-way-hombre-que-puso-jaque-bajo-cauca/12143 | https://www.bluradio.com/regiones/antioquia/capturan-a-integrante-del-clan-del-golfo-que-presto-cuentas-bancarias-para-extorsiones-en-antioquia-rg10
2026-07-17,CLAN_DEL_GOLFO,,Sucre,,EJERCITO|POLICIA,0,2,0,0,0,2,False,True,reportado,extorsionista|financista,https://www.laregional.net/capturan-en-sucre-a-presunto-financista-del-clan-del-golfo-y-a-supuesto-extorsionista/
2026-07-17,ELN,,Norte de Santander,,,0,1,0,0,0,1,False,True,reportado,,https://www.agenciapi.co/noticia/regiones/capturan-presunto-integrante-del-eln-con-material-explosivo-en-norte-de-santander
2026-07-17,DESCONOCIDO,,Antioquia,Briceño,EJERCITO,0,0,0,0,0,0,False,True,reportado,,https://caracol.com.co/2026/07/17/ejercito-desmantela-laboratorio-clandestino-y-neutraliza-mas-de-280-galones-de-coca-en-briceno/
2026-07-17,OTRO_GAO,Estructura 36,Antioquia,,EJERCITO,0,2,0,0,0,2,False,True,corroborado,,https://www.minuto30.com/tras-intenso-combate-ejercito-capturo-a-dos-presuntos-miembros-de-la-estructura-36-en-antioquia/1713365/ | https://co.headtopics.com/news/ejercito-captura-a-dos-presuntos-integrantes-de-la-85690633
2026-07-17,OTRO_GAO,ACSN,Cesar,El Copey,EJERCITO|POLICIA,0,1,0,0,0,1,False,True,corroborado,,https://www.diariodelcesar.com/archivos/343511/incautan-material-de-guerra-y-capturan-a-uno-de-las-acsn/ | https://www.laregional.net/contundente-golpe-a-las-autodefensas-conquistadoras-de-la-sierra-nevada-en-el-cesar/
2026-07-17,CLAN_DEL_GOLFO,,Tolima,Anzoátegui,POLICIA,0,2,0,0,0,2,False,True,corroborado,,https://caracol.com.co/2026/07/17/confirman-presencia-del-clan-del-golfo-en-el-tolima-tras-la-captura-de-dos-integrantes/ | https://www.pulzo.com/nacion/clan-del-golfo-en-tolima-capturan-a-dos-lideres-del-frente-tolima-en-anzoategui-colombia-PP5248488A
2026-07-16,DESCONOCIDO,,,,ARMADA,0,0,0,0,0,0,False,True,reportado,,https://co.headtopics.com/news/la-armada-incaut-m-s-de-tres-toneladas-de-coca-na-en-el-85652515
2026-07-16,CLAN_DEL_GOLFO,,Bolívar,Cartagena,POLICIA,0,1,0,0,0,1,False,True,reportado,Dylan,https://www.elheraldo.co/colombia/2026/07/16/capturan-en-cartagena-a-alias-dylan-uno-de-los-cabecillas-financieros-del-can-del-golfo/ | https://titularexpress.com/lo-senalan-de-cobrar-extorsiones-a-comerciantes-y-ganaderos-de-bolivar/
2026-07-16,EMC,Subestructura Iván Díaz,Huila,,EJERCITO|POLICIA,0,2,0,0,0,2,False,True,reportado,Rodolfo N|Yeris Felipe Manrique Cometa,https://neivaestereo.co/capturan-a-dos-presuntos-integrantes-de-las-disidencias-en-huila/
2026-07-16,EMC,,Nariño,Barbacoas,EJERCITO,0,2,0,0,0,2,False,True,reportado,,https://www.diariodelsur.com.co/ejercito-nacional-capturo-en-barbacoas-2-disidentes-de-las-farc-que-expendian-droga-en-el-pacifico-sur-de-narino/ | https://colombianews.info/colombia/pacifico/narino/ejercito-nacional-capturo-en-barbacoas-a-2-disidentes-de-las-farc-que-expendian-droga-en-el-pacifico-sur-de-narino | https://diariodelcauca.com.co/ejercito-nacional-capturo-en-barbacoas-2-disidentes-de-las-farc-que-expendian-droga-en-el-pacifico-sur-de-narino/ | https://www.hsbnoticias.com/ejercito-nacional-capturo-en-barbacoas-2-disidentes-de-las-farc-que-expendian-droga-en-el-pacifico-sur-de-narino/
2026-07-16,OTRO_GAO,Subestructura Iván Díaz,Huila,El Hobo,EJERCITO,0,2,0,0,0,2,True,True,confirmado,Yeris,https://www.ejercito.mil.co/ejercito-nacional-captura-a-dos-presuntos-integrantes-de-la-subestructura-ivan-diaz-del-bloque-jorge-suarez-briceno-en-el-huila | https://noticiasenlinea.com.co/ejercito-capturo-a-dos-presuntos-integrantes-de-la-subestructura-ivan-diaz-del-bloque-jorge-suarez-briceno-en-el-huila/
2026-07-16,EMC,Frente Dagoberto Ramos,Cauca,Caloto,EJERCITO|POLICIA,0,2,0,0,0,2,False,True,corroborado,Alexis|Iván|Iván Sombra|Sombra,https://www.infobae.com/colombia/2026/07/15/cayo-alias-ivan-sombra-jefe-de-finanzas-de-la-estructura-dagoberto-ramos-en-el-norte-del-cauca/ | https://www.lafm.com.co/orden-publico/cabecillas-disidencias-cauca-dagoberto-ramos-405061 | https://www.diariodelsur.com.co/cayo-en-cauca-alias-ivan-cabecilla-de-finanzas-de-la-dagoberto-ramos/ | https://diariodelcauca.com.co/cayo-en-cauca-alias-ivan-cabecilla-de-finanzas-de-la-dagoberto-ramos/ | https://elperiodicodeportivo.com.co/cayo-alias-sombra-golpe-del-gaula-militar-a-las-estructuras-financieras-de-las-disidencias-en-cauca/ | https://extra.com.co/cayo-en-cauca-alias-ivan-cabecilla-de-finanzas-de-la-dagoberto-ramos/ | https://www.hsbnoticias.com/cayo-alias-sombra-golpe-del-gaula-militar-a-las-estructuras-financieras-de-las-disidencias-en-cauca/ | https://www.hsbradio.com.co/cayo-alias-sombra-golpe-del-gaula-militar-a-las-estructuras-financieras-de-las-disidencias-en-cauca/ | https://desopinion.com/captura-alias-sombra-golpe-financiero-disidencias/ | https://vibrapopayan.com/2026/07/18/cayo-alias-sombra-segundo-cabecilla-financiero-de-la-estructura-dagoberto-ramos-en-el-cauca/ | https://co.headtopics.com/news/este-es-el-perfil-criminal-de-alias-sombra-cabecilla-85652613 | https://laopinion.co/colombia/cae-cabecilla-de-las-disidencias-que-sembraba-el-terror-en-cauca | https://www.pulzo.com/nacion/presunto-jefe-de-disidencias-farc-alias-ivan-capturado-e-imputado-en-cauca-colombia-PP5254969A | https://diariolalibertad.com/2026/07/24/capturan-y-envian-a-prision-a-alias-sombra-presunto-cabecilla-de-las-disidencias-de-las-farc-en-cauca/
2026-07-14,SEGUNDA_MARQUETALIA,,Tolima,Ibagué,EJERCITO,0,7,0,0,0,7,False,True,reportado,,https://caracol.com.co/2026/07/14/duro-golpe-a-la-mineria-ilegal-y-a-la-economia-de-las-disidencias-de-las-farc-en-el-sur-del-tolima/
2026-07-14,CLAN_DEL_GOLFO,,Magdalena,Santa Marta,EJERCITO|POLICIA,0,2,0,0,0,2,False,True,corroborado,Terry,https://caracol.com.co/2026/07/14/ejercito-y-policia-nacional-capturan-a-dos-presuntos-integrantes-del-clan-del-golfo-en-el-magdalena/ | https://revista7.co/ejercito-y-policia-capturan-a-dos-presuntos-miembros-del-clan-del-golfo-en-magdalena/ | https://santamartaaldia.co/capturan-a-alias-terry-presunto-cabecilla-del-clan-del-golfo-en-el-magdalena/ | https://www.elinformador.com.co/index.php/judiciales/434-judiciales-departamento/355441-cae-alias-terry-senalado-cabecilla-del-clan-del-golfo-en-el-centro-del-magdalena
2026-07-14,OTRO_GAO,,Chocó,Bahía Solano,ARMADA,0,3,0,0,0,3,True,True,confirmado,,https://www.cgfm.mil.co/es/multimedia/noticias/en-el-pacifico-norte-armada-de-colombia-evito-el-ingreso-de-94-millones-de | https://co.headtopics.com/news/armada-incauta-212-kilos-de-coca-na-en-el-pac-fico-y-85538946
2026-07-13,DESCONOCIDO,,Nariño,,EJERCITO,0,0,0,0,0,0,False,True,reportado,,https://diariodelcauca.com.co/ejercito-nacional-arraso-con-4-laboratorios-de-coca-en-la-costa-pacifica-narinense/
2026-07-13,EMBF,Bloque Magdalena Medio,,,POLICIA,0,1,0,0,0,1,False,True,reportado,Aldemar Ríos,https://www.noticiasrcn.com/colombia/autoridades-capturan-a-aldemar-rios-articulador-de-las-disidencias-de-las-farc-en-el-magdalena-1040040
2026-07-13,CLAN_DEL_GOLFO,,Norte de Santander,Cúcuta,,0,1,0,0,0,1,False,True,reportado,Jhon Mechas,https://www.semana.com/nacion/cucuta/articulo/capturaron-peligroso-cabecilla-subordinado-directo-de-alias-jhon-mechas-tenia-azotado-el-magdalena-medio-el-catatumbo-y-el-sur-de-bolivar/202604/
2026-07-13,EMC,Frente 57,Valle del Cauca,Florida,EJERCITO|POLICIA,0,2,0,0,0,2,False,True,reportado,Diamante|El Indio|J,https://caracol.com.co/2026/07/13/cayo-alias-el-indio-presunto-cabecilla-disidente-senalado-por-homicidios-de-comuneros-indigenas/ | https://www.nacionpaisa.com/ejercito-golpea-al-clan-del-golfo-y-a-disidencias-en-antioquia-valle-del-cauca-y-sur-de-bolivar/
2026-07-13,EMC,Frente Ismael Ruiz,Huila,,EJERCITO,0,0,3,0,0,3,False,True,reportado,,https://caracol.com.co/2026/07/10/tres-integrantes-de-las-disidencias-de-mordisco-se-sometieron-al-ejercito-en-el-sur-del-tolima/ | https://diariodelhuila.com/tres-presuntos-disidentes-de-las-farc-se-entregaron-al-ejercito-en-limites-entre-tolima-y-huila/
2026-07-12,CLAN_DEL_GOLFO,,Bolívar,Montecristo,EJERCITO,1,0,0,0,0,1,False,True,corroborado,Diamante,https://www.infobae.com/colombia/2026/07/13/alias-diamante-cabecilla-del-clan-del-golfo-murio-en-operacion-del-ejercito-en-el-sur-de-bolivar/ | https://www.lafm.com.co/orden-publico/cae-alias-diamante-cabecilla-clan-del-golfo-operacion-justiciero-antioquia-404811 | https://cambiocolombia.com/conflicto-armado-en-colombia/articulo/2026/7/ejercito-abatio-a-tres-presuntos-integrantes-del-clan-del-golfo-en-operaciones-en-antioquia-y-bolivar | https://co.headtopics.com/news/abatido-alias-diamante-presunto-jefe-del-clan-del-golfo-85621713
2026-07-11,SEGUNDA_MARQUETALIA,,,,EJERCITO|POLICIA,0,0,0,0,0,0,False,True,reportado,,https://www.semana.com/nacion/articulo/golpean-las-finanzas-de-la-segunda-marquetalia-destruyen-laboratorio-de-coca-y-capturan-a-alias-chichi-en-la-orinoquia/202626/
2026-07-11,SEGUNDA_MARQUETALIA,,,,EJERCITO|POLICIA,0,1,0,0,0,1,False,True,reportado,Chichi,https://www.semana.com/nacion/articulo/golpean-las-finanzas-de-la-segunda-marquetalia-destruyen-laboratorio-de-coca-y-capturan-a-alias-chichi-en-la-orinoquia/202626/
2026-07-09,EMC,,Huila,La Plata,EJERCITO,0,7,0,0,0,7,True,True,corroborado,mencionados,https://www.semana.com/nacion/medellin/articulo/un-militar-gravemente-herido-y-siete-disidentes-de-las-farc-capturados-tras-fuertes-combates-en-la-plata-huila/202634/ | https://diariodelhuila.com/capturan-a-siete-disidentes-de-las-farc-tras-combates-en-la-plata-huila-un-militar-resulto-gravemente-herido/ | https://elexpreso.co/hoy/siete-disidentes-de-las-farc-capturados-tras-fuertes-combates-en-la-plata-huila/ | https://www.ejercito.mil.co/ejercito-nacional-captura-en-el-huila-a-presunto-cabecilla-de-finanzas-de-la-estructura-hernando-gonzalez-acosta-y-a-seis-de-sus-integrantes-642873
2026-07-08,EMC,,Cauca,,EJERCITO|POLICIA,0,2,0,0,0,2,False,True,reportado,,https://www.eltiempo.com/colombia/cali/golpe-al-crimen-organizado-en-el-norte-del-cauca-capturan-a-dos-presuntos-cabecillas-de-las-disidencias-y-les-incautan-armas-municion-y-cocaina-3569843
2026-07-08,DESCONOCIDO,,La Guajira,,EJERCITO,0,0,0,0,0,0,True,True,confirmado,,https://www.ejercito.mil.co/ejercito-nacional-captura-a-dos-sujetos-e-incauta-armamento-en-la-guajira
2026-07-07,CLAN_DEL_GOLFO,Subestructura Baudó,Chocó,Alto Baudó,EJERCITO,0,0,8,0,0,8,True,True,reportado,,https://www.ejercito.mil.co/ejercito-nacional-logra-sometimiento-voluntario-de-ocho-miembros-de-la-subestructura-baudo-del-clan-del-golfo-en-choco-642843 | https://caracol.com.co/2026/07/08/ejercito-logra-sometimiento-de-ocho-integrantes-del-clan-del-golfo-en-el-departamento-de-choco/ | https://www.infobae.com/colombia/2026/07/09/ocho-integrantes-del-clan-del-golfo-se-entregaron-al-ejercito-en-choco-importante-resultado-de-inteligencia-militar/
2026-07-01,ELN,Frente Luis José Solano Sepúlveda,Bolívar,,EJERCITO|POLICIA,1,0,0,0,0,1,False,True,reportado,Bola Ocho,https://www.pereiraultimominuto.com/es/blog/4102-neutralizado-alias-bola-ocho-cabecilla-del-eln-responsable-del-ataque-con-drones-al-ejercito
2026-06-22,EMBF,Bloque Jorge Suárez Briceño,Meta,,EJERCITO,0,2,0,0,0,2,True,True,confirmado,Vivi Puñaleto,https://www.ejercito.mil.co/tropas-de-la-fuerza-de-tarea-omega-capturaron-a-dos-presuntos-integrantes-del-gao-r-bloque-jorge-suarez-briceno
2026-06-22,OTRO_GAO,,Valle del Cauca,Yumbo,EJERCITO,0,0,0,0,0,0,True,True,confirmado,,https://www.ejercito.mil.co/poderoso-cargamento-de-material-de-guerra-y-drones-del-grupo-residual-jaime-martinez-fue-incautado-por-las-tropas-del-ejercito-en-valle-del-cauca
2026-06-18,OTRO_GAO,Conquistadores de la Sierra,La Guajira,,POLICIA,0,0,0,0,0,0,False,True,reportado,,https://www.elcolombiano.com/colombia/mansion-bendito-menor-reunion-cabecillas-la-guajira-EC40717524
2026-06-17,CLAN_DEL_GOLFO,,Bolívar,Barrancabermeja,POLICIA,0,1,0,0,0,1,True,True,confirmado,Culebro,https://www.ejercito.mil.co/capturado-en-barrancabermeja-alias-culebro-senalado-cabecilla-del-grupo-armado-cartel-del-clan-del-golfo-y-presunto-responsable-de-ataque-en-el-que-fueron-asesinados-dos-policias-en-sur-de-bolivar
2026-06-17,EMC,Estructura Carlos Patiño,Cauca,El Tambo,EJERCITO,1,0,0,0,0,1,True,True,confirmado,Totoró,https://www.ejercito.mil.co/en-ofensiva-del-ejercito-fue-neutralizado-alias-totoro-cabecilla-de-comision-de-la-estructura-carlos-patino-en-el-tambo-cauca-642537
2026-06-17,EMC,,Cauca,Cajibío,EJERCITO,0,0,0,0,5,5,True,True,confirmado,Jaime Martínez,https://www.ejercito.mil.co/contundente-golpe-del-ejercito-nacional-al-grupo-residual-jaime-martinez-en-cauca-operacion-militar-deja-como-resultado-la-neutralizacion-de-5-de-sus-integrantes-642559
2026-06-12,OTRO_GAO,,Meta,,EJERCITO|POLICIA,0,2,0,0,0,2,True,True,confirmado,,https://www.ejercito.mil.co/ejercito-nacional-propina-golpe-al-narcotrafico-en-el-meta-incautados-mas-de-200-kilogramos-de-pasta-base-de-coca-642485
2026-05-15,EMBF,Ismael Ruiz,Cauca,,EJERCITO,0,0,0,0,6,6,False,True,reportado,Mordis,https://www.elinformador.com.co/index.php/judiciales/72-judiciales-nacional/352271-ejercito-neutralizo-6-integrantes-de-disidencias-de-las-farc-en-cauca-y-tolima
2026-05-06,CLAN_DEL_GOLFO,,Antioquia,Nechí,EJERCITO|POLICIA,0,1,0,0,0,1,False,True,reportado,Chino|Jhon,https://www.elinformador.com.co/index.php/judiciales/72-judiciales-nacional/351770-capturan-en-antioquia-a-alias-jhon-o-chino-cabecilla-del-clan-del-golfo
2026-04-17,DESCONOCIDO,,,,ARMADA,0,0,0,0,0,0,False,True,reportado,,https://www.elinformador.com.co/index.php/judiciales/72-judiciales-nacional/350708-armada-de-colombia-incauta-mas-de-una-tonelada-de-clorhidrato-de-cocaina
2026-03-08,CLAN_DEL_GOLFO,,Santander,Rionegro,EJERCITO|POLICIA,0,3,0,0,0,3,False,True,reportado,,https://yariguies.com/golpe-al-clan-del-golfo-en-santander-tres-presuntos-integrantes-de-esta-organizacion-fueron-capturados-en-rionegro/
2026-02-24,DESCONOCIDO,,La Guajira,,EJERCITO|POLICIA,0,0,0,0,0,0,False,True,reportado,,https://guajiranews.com/actualidad/se-evito-el-ingreso-de-19-millones-de-dolares-al-narcotrafico-ministerio-de-defensa-nacional-tras-incautacion-de-413-kilos-de-cocaina-en-la-guajira/
2026-02-05,ELN,Frente de Guerra Nororiental,Norte de Santander,Tibú,EJERCITO|POLICIA,0,0,0,0,0,0,False,True,reportado,,https://www.elinformador.com.co/index.php/judiciales/72-judiciales-nacional/347185-fuerzas-militares-neutralizan-ocho-integrantes-del-eln-en-el-catatumbo
2026-02-05,ELN,Frente de Guerra Nororiental,Norte de Santander,Tibú,EJERCITO|POLICIA,8,0,0,0,0,8,False,True,reportado,,https://www.elinformador.com.co/index.php/judiciales/72-judiciales-nacional/347185-fuerzas-militares-neutralizan-ocho-integrantes-del-eln-en-el-catatumbo
2026-01-09,EMC,,Amazonas,,EJERCITO|POLICIA,1,0,0,0,0,1,False,True,reportado,Polo,https://www.elinformador.com.co/index.php/judiciales/72-judiciales-nacional/346041-abatido-alias-polo-aliado-de-mordisco-de-las-disidencias-en-amazonas
2025-12-10,CLAN_DEL_GOLFO,,,Valledupar,POLICIA,0,2,0,0,0,2,False,True,reportado,,https://www.noticiasrcn.com/colombia/operativo-en-valledupar-dejo-un-presunto-integrante-del-clan-del-golfo-abatido-y-dos-capturados-969397
2025-12-10,CLAN_DEL_GOLFO,,,Valledupar,POLICIA,1,0,0,0,0,1,False,True,reportado,,https://www.noticiasrcn.com/colombia/operativo-en-valledupar-dejo-un-presunto-integrante-del-clan-del-golfo-abatido-y-dos-capturados-969397
